id,first_name,last_name,email,btc_address
,Gail,Le Provest,gleprovest0@cisco.com,128NhFsa5arHujjDAC6tXNQivmDFgSZoSH
2,Doralin,Ludee,dludee1@globo.com,1BEyusaGumm8xdsnRgrV8XKqyPttR7wn7x
3,Mala,Duncklee,mduncklee2@upenn.edu,1B9idWKr8wV5HyzAQ4vw1axawPrV4H26f9
,Rasla,Bleasdille,rbleasdille3@blogger.com,17dc1QnYrbVAKYTjxRTPxAExChayFtqheH
5,Dirk,Senchenko,dsenchenko4@usa.gov,1HRNfybPQ6g2AdvDsnocj9XnqVPmgXc7Ut
6,Edee,Kristoffersen,ekristoffersen5@storify.com,1H5ujR1Vh2BpfEy1CJfZeBM18pQqY4XbcA
7,Tamarah,Mariolle,tmariolle6@scribd.com,182M5G83SvTiERaRxhJfgATpYofZMzzign
8,Eydie,,ehallatt7@google.co.jp,18CM954ij9hdjL8iUbCUAV8Hp3utsg6DdV
9,Farleigh,Billin,fbillin8@reddit.com,1CifX2crUoQmxNwFmeaPkMEmSEQ2EbV66b
10,Reilly,,rfincke9@plala.or.jp,1AcSuSS4pACS1RWjV6kpAcg8MUzsr7SyTv
,Evered,Bolitho,ebolithoa@miitbeian.gov.cn,1Q9Ju43oY9qd7Vuyy9F2ZTKMXZiTcu41Tj
12,Sarina,Dockwray,sdockwrayb@dedecms.com,1Ex55sJ2GsL8SepE89ULM6fmFsAvKS3AXs
13,Alexi,Oyley,aoyleyc@google.com.au,16Znor3EqdBfDEVtiCeAgBE9zhZ1873BJL
14,Ardene,Vaughten,avaughtend@wsj.com,12VNNKJMwUzwzHEkTicxbgyhqtbgyWEtG7
15,Corie,,csorroe@ifeng.com,13M9Nn7foN13nrFj3Aok9bJHPDGDFo7D1u
16,Tiebold,Yeude,tyeudef@nydailynews.com,1BePociH8fVVjQoeo9vboQSMRASnwYMhuX
17,,Matusson,cmatussong@umich.edu,194Z5prn7UjSf6wNiAWKnD6RYpLUGeE2Qh
18,,Gail,egailh@tripod.com,1CKMhZ1P3m6ZPMEsuC5Dhc5XhAkur2G613
19,Tiffanie,Scanlon,tscanloni@163.com,1FiHs7EZEd57tLgDewxGuUapRZuCpPdtPo
20,Lutero,Kleisel,lkleiselj@phoca.cz,19PpXMaF1ocFXx8dy9JMDtnEFr25w3qVLE
21,Ashlee,Mil,amilk@meetup.com,1MePwvY4UWYstxcSGrRdHKZTXCCJqr98Xk
22,Yardley,Lathwell,ylathwelll@liveinternet.ru,1BAUBQ6wf5kX4ryner2BvSu5CpLtQP8Fak
23,Yurik,Janz,yjanzm@omniture.com,1L7NkU3jvrEY4wMDawmzTmm4zUxiKUWdF3
24,Gizela,Candish,gcandishn@apache.org,1AyiomzMvXtb8giTT9pTdQaTFm3fcjthFY
25,Upton,Lambourne,ulambourneo@microsoft.com,1E4aY42gRmt6hnzftMykdVQ2VeDysWUgz1
26,Kelila,Bengal,kbengalp@ebay.co.uk,1FDierrfRPez5nSY8Utxo2zURmSPmPtT9Y
27,Calley,Roggero,croggeroq@ebay.com,1P3izse2Wpv1YygS8AbpXXxAbzKqE4RnY4
28,Tiff,Sedgemore,tsedgemorer@businessweek.com,1DreUuXhEysEp3dU38zRr9YP2GfMe9CE8w
29,Taddeusz,,tthormwells@noaa.gov,1F4cTA1MpEjyNHBMRNH7GzqnEydRTQapg2
30,Mari,Goranov,mgoranovt@loc.gov,17ejNoYrWZCDLNzxYXaTXaBrN8svoEFAWZ
31,Edwin,O'Heaney,eoheaneyu@sciencedirect.com,17LAzb5CmkCvBejvMytfvkDDbdsxJywRyH
32,Joseph,Andreutti,jandreuttiv@jugem.jp,145MLGU5WpB9ARvFBKp1hVPSyhycYchpAz
33,Zebulon,Sneesby,zsneesbyw@fda.gov,1JsiZQw81PzMTGA7dzVVurArVZhHgTyW8S
34,Kelbee,Otson,kotsonx@tumblr.com,1KAZUPWJdzRqf7ut2wCHvV33Z8Cv3PTvE9
35,Sasha,Menichini,smenichiniy@businesswire.com,12fiN1NCPfXPPYSf63Q3GUVujXGREa4VXq
36,Vernice,Litterick,vlitterickz@list-manage.com,1Lf4JdU4UH1aESwZrqGw8MCS6WHdj4LQw5
37,Drew,Thaim,dthaim10@miitbeian.gov.cn,1BxH2dpShijqVWDPkhXx9QvnU73NDW5qWA
38,Burg,Petrello,bpetrello11@alexa.com,19Hm37uqbogpHxvd38X3CNyxU9W1vr1btF
39,Devi,Mussettini,dmussettini12@flavors.me,12QsqgoA8i9A26pr2dVt7J4dm1U9nR9zbt
40,Shadow,,swoodberry13@europa.eu,14uyzorKYc8fdBBFWrHNGAYTnK8A7Lsnow
41,Hill,Zimmerman,hzimmerman14@indiegogo.com,1CgdwFST6wQjLhjqAiCdvbKAMzfVTjsKXj
42,Elaine,Stelfax,estelfax15@sciencedaily.com,16UWncgaKiwotoshwCzyqbensJHFhWdYEL
43,Maren,Spanton,mspanton16@europa.eu,1B3t7YLyWK2gGuZppKvM3pbh6e3tB7zaZL
44,Wilma,Iddiens,widdiens17@indiegogo.com,12iVyvVrEVSddjbZeFnpk4gs4xtyRMk8Bt
45,Fergus,Lakeland,flakeland18@reverbnation.com,1EKydWCWDa29ULD9MYrxdUBZ1EB79dPppA
46,Cody,Jorcke,cjorcke19@a8.net,16863bPttpjCNMH21jEf2XBbMgboCfBo54
47,Dody,Lande,dlande1a@independent.co.uk,1Aj9ugh9hFEnJV283xZSKjyHqzdR5Hjq5f
48,Eliza,Abramow,eabramow1b@squidoo.com,1Ag2qbaUdoxJXaJ59Ddu9fNK4R6h5cFubZ
49,Wandis,,wmcwhin1c@1und1.de,1Cy7eYZ4JmZR3a2KmhL244ydnYBLCh3oMC
50,Marleen,Hambelton,mhambelton1d@homestead.com,12E9U2uwS6hwdBUZVFSrjfxEAJndEjQqJn
51,Forester,Toderi,ftoderi1e@163.com,1Eime9Ws5C47Xsz6QcHaQQvHusWXwHLjKL
52,Sanders,Germain,sgermain1f@mail.ru,17SepQSr2XE1gKX5ioUMgNRCqfjSHmpt8K
53,Cort,Shea,cshea1g@vinaora.com,15heHMvMnQWdC9LBLcEq35nkHRieddCzRT
54,Bridget,Shucksmith,bshucksmith1h@mapy.cz,17gMDFen3tVJp2VL4k6u8CgEgMSL71apVD
55,Bendick,Dennett,bdennett1i@businessweek.com,14uM3NcKtui67vWvL1qTaHioRpdsWfv5U9
56,Salomone,Swansbury,sswansbury1j@symantec.com,1PosH54KUMuPepbjypbHeduEthVUG4JZ98
57,Allyce,Southernwood,asouthernwood1k@vinaora.com,1HLvmrVdzqEZBdLxcv6pUj1impjhGGPhC6
58,Jacinta,Kingescot,jkingescot1l@facebook.com,1EHmZdvoU7EFkV8ARCC3fRfsGFfpuVUdbi
59,Meade,Dorant,mdorant1m@google.cn,1F8yG7Bsjd5pqrZQwg5ExGkApK3gBrLGNY
60,Channa,,ccluney1n@hugedomains.com,1GmGxMfpkX6JbJAx6z85HFcYTei8Fss6Df
61,Dino,Kalf,dkalf1o@uol.com.br,147u7jpFN85JgaZCFF8x1hySJNBK8xbMbQ
62,Harmonie,,handresen1p@cnbc.com,1LV5rw8xws5p9imbSUvdRh4saTcnyqgVv2
63,Edi,Rawstron,erawstron1q@tiny.cc,1Fve1ndoHPvXipbQtoC7C3Ly9DFCfbecRn
64,Julee,Vignal,jvignal1r@goo.ne.jp,1P1WYHHfVJyPixmhxWQNcANU5CtTd47Ls5
65,Zackariah,Purtell,zpurtell1s@nih.gov,1P9P6fxXLwrAYX23Pq6Z2wVpYzm7ebmHxJ
66,Midge,MacAllan,mmacallan1t@exblog.jp,1BwUdJwPGbe6aDQD2A9EKG8RTM9wmHKYfw
67,Augie,Cannicott,acannicott1u@clickbank.net,1N94MmnYij9hBsFz2oynWobKxXUsDEQWpN
68,Sylvester,Rock,srock1v@jugem.jp,1LZeN1FydXfkdzmzDvjefWPZMV84J8XuRk
69,Gunar,Breydin,gbreydin1w@t-online.de,18F8PVqi9KA9ZAA4Pr5Uqs3aaxY18n5W4j
70,Marcile,,mlaroze1x@imdb.com,19wV2KkXPdWgkjoC2spzb98E5jjCDm4XZZ
71,Rina,Colthard,rcolthard1y@hud.gov,1ME2oYHxDb2pZHPTi1t9VFK5pzczuou57P
72,Job,Pine,jpine1z@nyu.edu,132bwQD7npLk2BhXPiDEdE7oTbqY7crCt8
73,Jackqueline,Mattschas,jmattschas20@plala.or.jp,1EHWUVBRDRBAhBXDVjoJykaSbmK9rqYSFJ
74,Gerianna,Syres,gsyres21@unc.edu,1PJH4hts8FF71VKTqDZXiVfJmc4Ym1Trzf
75,Gwendolen,Backshell,gbackshell22@admin.ch,1HZPWnfaReTLj35RXuwmeU7ckUTgUenHZW
76,Cassaundra,Ciric,cciric23@dedecms.com,12fsfgVs8Pvh4ezENxUX8aecNRSoLDpncd
77,Mattie,,mramsier24@amazon.de,1Lxv1DXQXATCdqDLyCoGgycCEPZfGCwp4v
78,Diannne,Tubridy,dtubridy25@thetimes.co.uk,1AiMQbyjh5SPTgXMBnoHZKxk8QVw64wMGL
79,Ruth,Jelliman,rjelliman26@bbb.org,15cSC9UuFxHcinSwzo6M4jybGCrKAFBew4
80,Inglebert,Rickis,irickis27@theglobeandmail.com,1Cb2eqXrVe1rH6xmEgTjvKXEfXf88eNvAi
81,Xever,Braizier,xbraizier28@sciencedaily.com,1N519KgqZ5uascrKzSamDsENXSHSqzDxn5
82,Willow,Cubbinelli,wcubbinelli29@fastcompany.com,15kq242sTTgWBqnBXLg5sciQ1iU7L2LqNy
83,Celia,Hamblyn,chamblyn2a@youku.com,18i5FgpiZErLY6rmXGHA2tppzAfSeXwrUe
84,Beverlie,Chenery,bchenery2b@xing.com,19pK1tZYVNBX7zQAbZeSoupVQ2BGj5WSik
85,Olivette,Monkman,omonkman2c@privacy.gov.au,1Nt5rEiHLe7j2MhHqeAyQDJkyKnrHbYfue
86,Fred,Crannage,fcrannage2d@cafepress.com,1NnDU4WeX9Mb6hCkKaz1PkbfFEfnm78tBC
87,Jordan,Babon,jbabon2e@weather.com,1L2zaEnLaGZvchBSqThRqtZTt7ncZN4mHQ
88,Dom,Clac,dclac2f@facebook.com,1Gs3mTjsqutPt9MPj5bQaLY32fi5JGEmL3
89,Whitman,Huetson,whuetson2g@youtube.com,1G1aGRBA459gBTr1xHBdnp7KNhDn7behmW
90,Kenton,,kmacardle2h@sphinn.com,1AyYuibSS94o9FjJ1MDygPKYGspAGQ6wjF
91,Tripp,Hertwell,thertwell2i@prlog.org,1HSYbLBzQ969bTJC3YUkgRe2CK1P81k98W
92,Wally,,wbaruch2j@hao123.com,1Aqs3F7JbWuc5xaWp2QHjHc7RVCEoo2jRq
93,Gaultiero,Randalston,grandalston2k@qq.com,1Pa9w3VNZQnSTkPZ93zgoSsijpDF1RMXUo
94,Rycca,,rsefton2l@wsj.com,167RdWzr5qNqH1MUUDE5dctn5qtpczFpvJ
95,Bryanty,Pearmain,bpearmain2m@example.com,1Dob3RdpRn8rt2J9CHJS8rg3T1XbCuxwzw
96,Floyd,Loidl,floidl2n@cam.ac.uk,13LFpeMcot5TPtJftUuFeQoYXLi5nNbtXn
97,Hugh,Edowes,hedowes2o@hc360.com,13F5QFTg4T1dunHMzEwJUit2nsJ4tXtJnT
98,Pearce,Brede,pbrede2p@google.it,15Lcm9zSAkKpYohjp3w1aVjwmCo3ccKruj
99,Ester,Creamer,ecreamer2q@arstechnica.com,1ENQ8TgzNFNHr4YXLDPW8aGHSV31xAmP1e
100,Griff,Tysall,gtysall2r@joomla.org,1QAnWFRqBNCVAjoo3q4MkKwyfkrS7Mm8op
101,Codi,,civanenkov2s@dot.gov,1NDc8cm8rQqtrLrYQaFgtxZskoGXQqfAAy
102,Tiler,Guy,tguy2t@illinois.edu,1WE2TBsxrJ5UMFPUJL2qVzBAaLoLau4DH
103,Patten,Sigart,psigart2u@chicagotribune.com,1JqN2Lop6KUjb7NwcsfjeVsab5icFwf2T4
104,Guthrey,Sandars,gsandars2v@deviantart.com,1FawwZBV7R7W5bdgn2dZEvtKe1Y9yGQYqK
105,Laurens,Pirie,lpirie2w@huffingtonpost.com,16ushum5JTEb78A2rViQFXZo2EhVTRm1d6
106,Glenn,Dirr,gdirr2x@multiply.com,1NYG2u5fTH6C1GvrcsHYTYXVs66QFcTFH8
107,Tome,Graybeal,tgraybeal2y@addthis.com,1EyK4yL6f8tbzcLMdZ1EZD8LPjbL7NEW2g
108,Orion,Bowbrick,obowbrick2z@weebly.com,1EoFr3JAc2rcbJUTWYQWAsswWSqddD4zsJ
109,Halli,Coltman,hcoltman30@plala.or.jp,1Cq9DRGF3sSXCb6gX3aDkQdkzprw2JkrHN
110,Evelina,Bringloe,ebringloe31@bizjournals.com,1MmC6HTuhxJVnTUhTcqeoDr3qpBgfwVaUu
111,Claudina,,cizat32@omniture.com,16GE6ZEKj5QEqrc6sBTVdyZEySgYzYdwAo
112,Randy,Philipson,rphilipson33@biglobe.ne.jp,1Bao6Db368GjA6upe3wUkAFGarA9XtuCPu
113,Cleve,Twelvetrees,ctwelvetrees34@flickr.com,1899WqD9PmLic6vFLtVAhNxRDe8DQEo3FF
114,Lon,Gerritzen,lgerritzen35@baidu.com,18N7wkSyYY7S1FdWdSsuFbwDtmzv9Hsg7T
115,Paola,Janous,pjanous36@smh.com.au,1JaAHyrPaReCc31YUECn2HZcrfi2NV9th5
116,Farr,Doers,fdoers37@hostgator.com,156sxpU8t9AxPtRPK5MtTeuWzRH6BnBW38
117,Ced,Bice,cbice38@ycombinator.com,1M8STHxQFPFvYEk6oip3KJYHFFRC3cmo6v
118,Fanchette,Culvey,fculvey39@typepad.com,1CjGiZQgpqYa4d2sdyDyReLkBNdMngU8ya
119,Ronni,Hovenden,rhovenden3a@google.fr,1LG6zLy63BRdrndn6fRbF83NhL3xWFR3VT
120,Stu,Dislee,sdislee3b@artisteer.com,14tckLvZNaWFmKVYpbTisrtK7fkLzJFp8b
121,Desmond,Gerding,dgerding3c@goodreads.com,1K9ZgTUauGQZZwJwKec8TNBKJk7uhWxXkE
122,Carlos,Rickersy,crickersy3d@ehow.com,1KznmU7xgNa1v9QE1k3enY3MKRvNRQHnYw
123,Kerry,Lilie,klilie3e@who.int,1D8RbncFcFWQauuJgqJRjs9kPd9nMSDq1p
124,Moritz,Baltrushaitis,mbaltrushaitis3f@europa.eu,16hR2ghAM1vF9iHiQAdgxFyiEN3mXMnAfd
125,Carissa,Hellwich,chellwich3g@eventbrite.com,14QFutPUXBoc8PhNiJ4Yxzrurcto3grbjg
,Emilee,Solloway,esolloway3h@guardian.co.uk,16DdXeyYSg4PpeScVg8DV6fgEMsAtENqBw
127,Morena,Heamus,mheamus3i@ft.com,1CEjVC1x4AaWKpJQY4VfCT6jKSWucKJwgZ
128,Alex,Floyd,afloyd3j@comsenz.com,17bGrpEg9NPYJefuUsGa3an2JX8h3yNnMF
129,Shurlocke,,spiggot3k@desdev.cn,1GsFFy5HXhJFUCvgNe12245TKiTQqDMKNv
130,Pamella,,pwareing3l@google.es,15GGFqxFGU31otbRyV8uPw5pH8DFDL2mWi
131,Shalne,Wattisham,swattisham3m@about.me,18MDBEoMWHBjm7w5yUJUvwmZKm6p6RYCE8
132,Garwood,Jellico,gjellico3n@stumbleupon.com,1NSQ4JkbMQ2eDrVAhsZ8ZJiSe2e4hVPtGe
133,Marleah,Bloy,mbloy3o@psu.edu,1PbfyVU7eaA8vyXrAgVaGfezGrd8LF6ipK
134,Chip,Escritt,cescritt3p@shinystat.com,1FQabKSKYtwpLEJAwmDXnvrEDgqB72XghT
135,Lorianne,Stoter,lstoter3q@goo.ne.jp,1Jm5kzUGdBddB4zoRWBBJLWNZqLboMeu91
136,Natala,Laight,nlaight3r@skyrock.com,1GgWJtsMHE6SEUfWsESj919tf7N61Cr5YS
137,Rycca,Carlsson,rcarlsson3s@theatlantic.com,17kAxq3u3okBBgAo2L2vFwvftcwL58o1w7
138,Bab,McOnie,bmconie3t@aboutads.info,1KFue1TAB5xZogaEwQZcJsDMhHPBRRD5qi
139,Shirley,Scougal,sscougal3u@imageshack.us,1MhA6H8WNX7gTjuV377W5kGU3xB12TyFGH
140,Tessie,Rudge,trudge3v@blinklist.com,12prs92a7BYimUsmMqVEEmSQBzu6C74Adu
141,Stuart,Feehely,sfeehely3w@shinystat.com,1M6QMYFY5zepsHkBnaERmVvHGSjEz6q1X6
142,Brandy,Purshouse,bpurshouse3x@technorati.com,1JnkDxnKPD4o2ZR5vj2aZ78QzTrXLdu4kd
143,Dorena,,djohananov3y@slideshare.net,1LjrpvNPQe8Y3DXMNLPgJ2avbnRyndaDrB
144,Wallas,Frankcom,wfrankcom3z@usda.gov,152TcQFs2rYB57Sbf7GTDUwG6fSAHLu5xY
145,Augy,Iacapucci,aiacapucci40@blogs.com,1KswPTziWSMiD9XA1hWUWNws2r8oNrYo3t
146,Heidi,,hderill41@networksolutions.com,1YYxDCa1AayY8S2KfqkZ5teGVAxRpWhZy
147,Tiffanie,Edden,tedden42@mysql.com,1DUMSKmaaGtNx11GL3k87qG8NjuSC95XBE
148,Dallis,Revell,drevell43@1688.com,1Mz3kfQ6LwUHVykuMMvMTreYHGcNsJrEhK
149,Pren,Balharrie,pbalharrie44@reddit.com,1AjUPHjoBzz3xRnbRtVNzdh17HZBxL76G4
150,Christan,Mc Harg,cmcharg45@nature.com,17ttvAwqL1a6J1dVLzeBkv72cgLmqxcRQT
151,Janessa,Arkil,jarkil46@wix.com,1DT5zSeGvHQY2ZVMxfauTqZ4E3cSW8xpwt
152,Sherman,,sstapleton47@bandcamp.com,1LkuuUfcToEUcaWXjwrUfbTrWp5K8oZoqk
153,Cynthia,Gratland,cgratland48@ehow.com,1GTXn8MTFHZF4YUmb1F1BUk8oJkF2SPy89
154,Romona,,rstiegars49@go.com,1MA34y7u9QGpGgF3igwPPM2Jq7ZBmesqad
155,Tiphani,Ashforth,tashforth4a@i2i.jp,1B8z2u8DUVwyQmFTfW9eondVJyuyC9YhXN
156,Emlynn,,evalencia4b@hatena.ne.jp,17S8Bdh1Km4kHgFMm6bwEXc5WV6xwyRuq6
157,Godfry,Mapston,gmapston4c@baidu.com,13iSbN5oWE8ntvuHPEECAe3NMwV7HDapbc
158,Kerianne,Cainey,kcainey4d@telegraph.co.uk,15kJag8iUa4oYy9i6vBWRqAUyQTfj9reBp
159,Freeland,,fcordner4e@issuu.com,164sCkTua38vRnn1Wg3kMtVEhy4BmvXhBD
160,Orbadiah,Duffell,oduffell4f@usda.gov,1kWuB3owxF82Ke2uJv57oNipUw6RRo4WY
161,Creigh,Corbett,ccorbett4g@facebook.com,12LafXaTLh4YBmqPwf6h2pxGu6SN3uHSSN
162,Gretchen,Crawforth,gcrawforth4h@usgs.gov,1LSrtgf5ZfyzWeXAt5M9KmTsPea5BUfn6
163,Maible,Giuroni,mgiuroni4i@abc.net.au,1GKqQ7eBgg4yafErVW7THzeaJYDeLmPGbs
164,Cheslie,Dmytryk,cdmytryk4j@npr.org,1FvgxpHhc2y3izurjCakDrjxoCw7nyDQY4
165,Marv,Greeson,mgreeson4k@example.com,19cNZ9JRvi1v8Hpbi7pQsjXwqr7giMLsiW
166,Lenee,Ickov,lickov4l@techcrunch.com,1BqCnAEamuXzMMx1LFAZyWtNcUVBPxqYvV
167,Aubrey,Josephov,ajosephov4m@msn.com,12tiq9VjJiCKg8tkNSLH7xGfdsX2UBnFj1
168,Kevyn,Sidebottom,ksidebottom4n@exblog.jp,16pBPKmcU3g6aH8kKAvMj1heddRkpXn78W
169,Mariel,Picheford,mpicheford4o@discovery.com,1FN5KDd7zfMFJcD4rFmef1mWW2XUSJ94NJ
170,Bernadine,Backe,bbacke4p@e-recht24.de,1KUjqFH3ncC6jYUwZmaoXwqEbPVNpWvmYE
171,Don,Gainsford,dgainsford4q@yelp.com,19BXFE3rio8R43yxSZQzQ4fyyVLsAw4mpL
172,Anthiathia,Antliff,aantliff4r@creativecommons.org,12dg5WCCd24L5xgroePa85drdXu8TgeUrm
173,Lane,Feild,lfeild4s@msn.com,15peseqdxvkoKeCCdpcaB17SNugfN5cxak
174,Andre,Romanetti,aromanetti4t@gravatar.com,1BL33rSZu2FvD9mvdgsZnxobjSYFpozb6d
175,Adiana,Endrighi,aendrighi4u@youtube.com,13QsbBbocoEncEuiRrBufvVSpZcjdhSYFC
176,Alvan,Stanyer,astanyer4v@mapquest.com,1CmuygPwQCSzt7fma7eBLCGrYYkLpj9s4w
177,Marissa,Anespie,manespie4w@usda.gov,1PVCTQUKork9WKqJNFCKpbmfJKGj1x88X5
178,Livvy,Callister,lcallister4x@intel.com,19MrfF8C5Yoo2hxQXz8tNXGSRZg8Ke9wre
179,Salaidh,,ssimmings4y@army.mil,12LVW6u8q3sJnEusTzpZxNLbx3WD46otmE
180,Yetty,Towhey,ytowhey4z@sphinn.com,1FMioaQSHnYzckL7urj5W5e9hvrxfQeWAE
181,Haze,MacMychem,hmacmychem50@topsy.com,1CyE9DnDdfCvagtNXQ3eGmTz3yCbpPQa2i
182,Lurline,Francillo,lfrancillo51@addtoany.com,1D16ALHV2EZAZs4gVvauNhsr9bshYnnnNS
183,Samantha,Strooband,sstrooband52@about.com,1PVqZVeVimrv9mcdaQv4E6DidYLixoZpSP
184,Miller,Marklow,mmarklow53@icq.com,1FCBmChJkpgK4FRdtmADz3JoZopiNwShwp
185,Ricky,Edeson,redeson54@hc360.com,146wNxRj8Zq82xcLnpk5PkJsurqZw7orn3
186,Quentin,De la Yglesia,qdelayglesia55@nature.com,1Hp8fmPPpNe7a9SCP17Bp3fGhDkt1qqBZF
187,Delainey,Volett,dvolett56@printfriendly.com,14vWn535RkQhozHhafaQdQEmLhmUtZB2pe
188,May,Izachik,mizachik57@statcounter.com,15LY6nRETrj5xWVarsriXHHaBVEo8ynd7V
189,Brigitte,Daybell,bdaybell58@51.la,13WqoBjzCEvs8q8LwRbmu9nCiS9CgCH1Uv
190,Leodora,Rohlf,lrohlf59@imageshack.us,18c1skkVL3CdT7FoszANTeCMGytoFyNMxH
191,,Yerson,dyerson5a@cafepress.com,18SSwUPQNRB4Rqdt3HXKTpSxBN1KGYaxyL
192,Mort,Folland,mfolland5b@squarespace.com,1Pv7wPVKCzdwAjLJqMGK9GhCVZXVAmZay5
193,Amye,Karpe,akarpe5c@cisco.com,1DrbxMWdM67pkfnM8aifKBgLJtUQ9JvDVY
194,Evita,Stickells,estickells5d@mashable.com,16PnzNtoMAhA5AC2Xvj74FyAn7ZcVuVKAs
195,Madelon,Luckey,mluckey5e@artisteer.com,1BrGdhtERiQmwWCVErtWPZDc8xL9smGXBT
,Janeva,Dorot,jdorot5f@netscape.com,1HhGjS5RggRy3FTqzdgLsrqZvgzV9T5bmq
197,Lorne,Polycote,lpolycote5g@example.com,1HJR1dMzjkVKpmyE3v1RjDwsvt8rsDi1Bb
198,Aguste,Kohrt,akohrt5h@craigslist.org,1CEPGCcbJXrCG6SxKsxo5Wuf82F8nQpwGb
199,Stephanus,De Gregoli,sdegregoli5i@cbc.ca,1FbU6NqSbTUvNGr3KVsyyA2TYtv31eTpL
200,Adriana,Hallowes,ahallowes5j@dyndns.org,13D7DwkeKr8cpoGAHhtuH7KSBdnsbt13Dk
201,Beverlie,Andreone,bandreone5k@hostgator.com,1GV7KLjf2zm9sWpkaqYfhRCdxpiMxZ2LdH
202,Yetty,Attfield,yattfield5l@spotify.com,1EmMppbCvTzcvP3dyvMQPH5LeFnZGuWQr4
203,Blondell,Benneton,bbenneton5m@xing.com,1K7fTGVfhH6rzQ5KXXpHCrr9bfFiniy52k
204,Maryellen,Fritche,mfritche5n@java.com,18uzJd9BPgP6RpyQswp5Q6Uws28Fdd6aHm
205,Byram,,bwhaymand5o@aboutads.info,1BKH7Szt25t3VxZiiAfcCzVCMuSizBLRUC
206,Katrina,Finlason,kfinlason5p@ask.com,1BYcbSa8NkHYtUKUarAv4Xusubkd8XeVhM
207,Curry,Kelf,ckelf5q@artisteer.com,1Bcm66ZrFFiuxaLvhk1HjFKzJNYrZwkQhn
208,Hallie,Parman,hparman5r@liveinternet.ru,1PbNuZDWDdf6xSheSCVSFTfDns8fq3D1qv
209,Leilah,Caldecot,lcaldecot5s@globo.com,1Ficuza75n9gnyGaoXtTB89AdHVBWQesBd
210,Lanie,Vakhonin,lvakhonin5t@soup.io,1KMJ8NXd79jSmhQQk9V8XPVT1NpUWFrmya
211,Sula,Charlesworth,scharlesworth5u@discuz.net,1JJBurSGGCKnceeTe4rHdhfmCL8WbvK3TA
212,Chance,Lummis,clummis5v@cnn.com,13h4Q3HmP6hpffPgSemLesKXhqSm64JQRt
213,Karyl,Zarfati,kzarfati5w@over-blog.com,1pcxUm4cV3GKdVS9AQpstQRPhAfkTYeQ9
214,Adele,Crennell,acrennell5x@github.com,175RFMHbxPFU5MPqgyYBMG2G5cTa2Wu6wt
215,Jeanette,Fletcher,jfletcher5y@usda.gov,1sDfnd6CWkpZJfv97v2vtDjC2PbM25WUg
216,Axe,Fermer,afermer5z@discovery.com,1KPgGCcbwJWBCAkqpWkz8xjooVnc57w9An
217,Johnath,Dmitriev,jdmitriev60@ocn.ne.jp,131TWgWH6QViFXAgjVesUUJhXm6L2my8RK
218,Dennie,Braganca,dbraganca61@pen.io,18dqsuaQzQfTkvt2gD6jTNrksFYZJEUnMy
219,Dael,,dlefley62@facebook.com,1EM5szJdcsWGKE3GwEZRC9vMusnbwQfRex
220,Maxi,Dorkens,mdorkens63@msn.com,1P9GHqpEtmNaGRD3ULtqvAYZC26SNee1QJ
221,Stephanus,Limmer,slimmer64@hexun.com,14ZbWkUpf6B8UVxmbpFwYTEyqdwjJMTKxp
222,Arabella,Heindl,aheindl65@youtube.com,1EBoCEwKREB9qfqcYY84BaheJ9ZhHLTF7v
223,Salome,Ingles,singles66@pagesperso-orange.fr,1LMpwUTgF4shNguGxK1Ls5jMBN54Z1Bcam
224,Lesya,Wallbanks,lwallbanks67@upenn.edu,16xpsMT6vCD5cuJjxt9qjuoULvhopsB3wa
225,Kendell,Sissland,ksissland68@jalbum.net,19Mb68NjPmRw9RuS7vpavs1pWDQATNWpUc
226,,Duligal,hduligal69@noaa.gov,15s7Wfb2ZQUD5GBBLpmVbJsgjfnXCCa7Ui
227,Natividad,Blinman,nblinman6a@1und1.de,1Njv2TvVLCQRUB6W4MiGBhTXzu8edq6WRB
228,Vivie,Bernasek,vbernasek6b@gnu.org,1CvLfvZX8djdjdwPjFrP76asqEpLwJRuh3
229,Ban,Verheyden,bverheyden6c@ow.ly,1MLJwuTMTyiQgncPmVk9Fw7XQtxHWf7seh
230,Lulita,Sillick,lsillick6d@tmall.com,1JZ25m1nekWrTGkUwyAEUnXfunhg7Zdf8P
231,Roanne,Hyndley,rhyndley6e@alexa.com,11626Nz8BJ58e9ubuQKoSNkUHppyjJqp4H
232,Felix,Weben,fweben6f@barnesandnoble.com,1LbVxPWSKjRxgkLgkBcgDEXpNbeXizPYKk
233,,Lermouth,clermouth6g@bravesites.com,18qUfJ7ZMkaBc6VKaHRgj39qDPpGonq4dX
234,Beckie,Marunchak,bmarunchak6h@bloglovin.com,1PVt1KJbPjYmbTef2LKLurGSFmNpKeG8Fj
235,Loralee,Lythgoe,llythgoe6i@arizona.edu,18MQQ8YFBs41e82NoRLuSb2dztJiHMv3qL
236,Sonny,Orpin,sorpin6j@boston.com,1CFqyFb1741RTtZDZsqDXmiRBXh5XXkx9E
237,Heather,Eagar,heagar6k@wp.com,15tfgob3Ge8dKLVTX3hyF7Fav1SbAjnNgr
238,Tiebold,Quesne,tquesne6l@parallels.com,13UeigaWE9bqQVDs6viBk5a6PZkNgT43CA
239,Sheree,Darbon,sdarbon6m@ucoz.ru,1Q7z5VeTXcoGioJubUGqSYhZEoARFfzxW4
240,Rem,Babin,rbabin6n@tamu.edu,1P1wAnUfgKZ5sm6KB5WErH2YMWn1UVUT9v
241,Jory,Trenaman,jtrenaman6o@ft.com,1LgmBv5hyH9jBDdWrTt93nC8KP3HwmBhcG
242,Meggy,Emmer,memmer6p@pbs.org,1LP2Ch9KCWLpEd7YyLTDhA89nRz8PCr78m
243,Fletcher,Langstaff,flangstaff6q@jimdo.com,1N9hNyGRETwXnFCBWUCoc36LsjYbApkwrB
244,Gypsy,Mallalieu,gmallalieu6r@examiner.com,1MNctRne1v8JP6FwjGGHKTwLanxmv3DjRc
245,Karlee,Linsay,klinsay6s@fotki.com,1HK1RLf1AquZLdz9y6qknR5UKcbTBBPU9W
246,Dale,Cisar,dcisar6t@house.gov,1JcUrV4sfhD2ikC3rpzWCpvHPXqeoTPzwb
247,Kaitlin,,kvagges6u@telegraph.co.uk,18P1RtXRLEJKdQL2DLGuH1rSE6vUcYkTy2
248,Michaella,Kilroy,mkilroy6v@nature.com,1BmQWDeFxNnP3Kg3MNyHuGvEbm2UPChBKp
249,Tommy,Greig,tgreig6w@google.com.br,1LpqxaxkkPbJg28JmvFXa2dksQQdpe4TSr
250,Oona,Duer,oduer6x@sourceforge.net,15RgvWP5jBFcHkYM8v16DssAtbFBDDVp8v
251,Austin,Wilby,awilby6y@army.mil,1AJnLEXPpx8iE5kzFWBU5QxKeK5VdiK13B
252,Towny,Antoniazzi,tantoniazzi6z@typepad.com,1DmER26xQ3q1S9jVvFarnetv9SxwvvVU4X
253,Gabriell,Habbergham,ghabbergham70@diigo.com,15cHM38eR4DkJHoy5DMF8qZkEHTNomJdwL
254,Norri,Seman,nseman71@drupal.org,1DGVxHznJpUXrpdGKkRGuPJp9b9PCZbecx
255,Billi,Gidney,bgidney72@diigo.com,149gqYGKwdTHkPQ27g68BaBttAoQ654c4o
256,Agustin,Clerc,aclerc73@hhs.gov,1GL4AriRFSywRQPYppeXdvYUpWshx3G1EH
257,Davis,Roggieri,droggieri74@google.co.uk,13V2QdDrvndcZWAZJ4HmgzyFC8VTnJHAhD
258,Neddie,Timmens,ntimmens75@dagondesign.com,14ZcijB8UZzZCfMYENCVruT4DCrRAHNF8S
259,Tiena,Culpin,tculpin76@networksolutions.com,1BZD5sMULVdVJVyzuuzCfHhesYkMNkbqHt
260,Florida,Dabell,fdabell77@mlb.com,14sCqYu7XzRqt5bf4wYcoHnpStNfjryvQh
261,,Tettersell,ctettersell78@ed.gov,1KMQfoJp9EsH4QucDrahzuNwpoRmAWhrg5
262,Kelley,Billin,kbillin79@illinois.edu,19qc22s5mStEaeJrKaawvZ3aKXRhce1AvP
263,Leanna,Ginie,lginie7a@jimdo.com,1GNwTt6Gjc8PzXgcUfaLZQu4s12BiwFZjx
264,Rosemary,Leitche,rleitche7b@eepurl.com,12bjitCphheVznaELesmu8HG7hVuWR68fe
265,Nahum,Hudleston,nhudleston7c@stumbleupon.com,17HJwb7xqB76yEEPDnv28sopZTXxzKvwTo
266,Olivero,Ovett,oovett7d@earthlink.net,1Q7ur71pFZqYPjxFMPyD29J6MQCVqateu
267,Henryetta,Anglin,hanglin7e@privacy.gov.au,1ECVJhRqXv2mygjJ6fn1YS7s5ySUjpc9We
268,Amargo,Brolan,abrolan7f@wordpress.com,1bfnGJYe2sXwreQ1Q1ABRtd8WMWecb2ic
269,Florry,Ducker,fducker7g@liveinternet.ru,17XMBz3S7kyZ7tsZQRDcHALwzjuZbgY9Gy
270,Carmelle,Nottram,cnottram7h@usa.gov,12bkSLggytnuDXiETccU7etRQyLNGvoFac
271,Alysia,Mulqueeny,amulqueeny7i@rambler.ru,1L2zNmDbvhvbYdW4jVXGxbZQfBS3wvEUfQ
,Alameda,Powley,apowley7j@slideshare.net,174hUEafdjZmvkoaQykSeyooFA8mgpNfzV
273,Fields,De Maria,fdemaria7k@ebay.com,1JwC4rUSU1NcsGAdobDtgnMzZ7z4oyEFcu
274,Codee,Botwright,cbotwright7l@samsung.com,1C4ju1fumPydPqJMRQyW7mFnHdQfHDrBAn
275,Jedediah,Keme,jkeme7m@godaddy.com,1BR1gqJjTPWm6jApM7NNvSrTCmxzDmJCto
276,Clerc,Peirone,cpeirone7n@altervista.org,18RqeTWMrDBqsyQTsNpTU47wxaSYzJCdXN
277,Basia,Ellerington,bellerington7o@irs.gov,1DjqgHSEFSsbAwHVs9YCYS7C8myZaGAvGj
278,Court,Lettley,clettley7p@oaic.gov.au,1Q6j8VshShomMLGTNMMrtwFFiuzaXVW62D
279,Mitch,Aymerich,maymerich7q@pinterest.com,19dUBdp6So6ifvEAwvgUp3r2HQhJ58epML
280,Vyky,,vhonatsch7r@google.de,15JY1BcAFX42CayyE8WPr2pWKVo6xWT2dS
281,Noami,Northcote,nnorthcote7s@mozilla.org,15Tuwq8fUBMbrMUb5UQkTbDySPnfW3RUoe
282,Agneta,,aavory7t@washingtonpost.com,1KAtAGfoNogGXn6BMCiMxF67RXgLK4epHj
283,Mariann,Andreoletti,mandreoletti7u@lulu.com,16fkt699byTyiXtTHTamxgxTjpsczFXN7j
284,Riannon,Huncoot,rhuncoot7v@fc2.com,1DnP4VGUoKgR59p2yyp2ftnQwGW5YJ14PE
285,Em,Hobbert,ehobbert7w@list-manage.com,1MjmYjDa28cm6VRfTohVhFPNgT6MGErWuF
286,Ragnar,Hallum,rhallum7x@webs.com,1AzUL47yNyvve1uGCKcgttdgWsAxhBXwak
287,Paxton,Whittlesey,pwhittlesey7y@cbslocal.com,1GD9nWNYLm13PY2eVWEtM7sgdyEMN3e1rY
288,Birdie,,bvanderwalt7z@weather.com,1P5QBwKS71RHvWmxgEcsiLYrJttqLu4SGY
289,Gerti,Ivakhin,givakhin80@xrea.com,15F7fduDVcs9XQ4DUA5bmYvUCEQ6KGFdYL
290,Gerti,Hanshaw,ghanshaw81@umn.edu,1HfswCMJLEAgy92K1D2Ciiiq7BUpogLQnp
291,Web,Meatcher,wmeatcher82@columbia.edu,1CQxm11YJgTXVjz7k5MdfHFBhYE5VQ9JG1
292,Wally,Rojel,wrojel83@instagram.com,1NgsZ2nhtKVKbmkgF6tqth3EziYvQepttw
293,Shalom,Tuddenham,studdenham84@hatena.ne.jp,1CbJZEqttbEyueqEKArgCWLS6PuuqXuvCD
294,Frasco,Fursland,ffursland85@wordpress.com,1BcujcCosWjpoik28ybSrqW6c7erV9eYqi
295,Kristan,Churchill,kchurchill86@slideshare.net,136WvXbMebYhhmi71Mhv7dxW7fV5wFNsVj
296,Granville,Raithby,graithby87@wp.com,1HqKhTgttrP7oRHb7N2WaRYb4aZuFyaA2K
297,,Chicco,gchicco88@princeton.edu,1A8efGT3QvA9etP8BvWQh6NoXagqdc9Kgg
298,Ave,Deroche,aderoche89@google.co.jp,1G8JeJZzgzH8P9NievXZY1grf2XnZuBAVQ
299,Cosimo,Buglass,cbuglass8a@howstuffworks.com,1ARozCZQ2aW6jxT5mw8rjdkaqLjkTvx6Wh
300,Leigh,Habron,lhabron8b@ifeng.com,1RjiftRJsQUpy1pMSXDzTsgaciXktvwVh
301,Audy,Roncelli,aroncelli8c@netscape.com,1CMKjFSVLJQa8yRoRXg1JWiY9j1WH4Sasy
302,Nestor,Ridge,nridge8d@t.co,1Q1XWHvuLrHsPmQaScNmBKioZkWrW2FUYx
303,Chan,Ginnaly,cginnaly8e@wikispaces.com,19VqrcxPDXtwQ7zE8NFjShZfbwMyo2SiMV
304,Betta,Widdowes,bwiddowes8f@yale.edu,1Ht5UYaCNQ4N8Pf5jYQxJBtz87zoCynbrM
305,Derron,Heritege,dheritege8g@feedburner.com,12BReUfBF2fCaQzHsN61txMNS6N379Z4Z4
306,Judye,Noddle,jnoddle8h@behance.net,1CSa1uCnYZkJ9DGT1yXEeGSjSP7ycdvCcb
307,Jania,Baldung,jbaldung8i@cmu.edu,1BuViEouDzc9zrWEhg3oNCQdruPLSGd6p
308,Otha,Sidary,osidary8j@va.gov,14cpZpCXUHUQrsMZUU6hED1WgJkFJVUiFd
309,Milicent,Bing,mbing8k@umich.edu,1KLzysySSbNc7fGrMZvFvgNssrFtHnwjrm
310,Margareta,Grigore,mgrigore8l@jalbum.net,1BRhSXPz9GWiV3QMW9SaJyQpNkMj5QiMCp
311,Ann,Code,acode8m@bloglovin.com,1LxCKgeNfs8854Go8Gqp1c9eWEPLe34XVr
312,Karlens,Kedge,kkedge8n@mac.com,1APEHZnepQCe2rG4YoY48qLYL9fL4rjc9q
313,Aubrie,Goodman,agoodman8o@craigslist.org,1BpG377o5h8HZwkHrW4Go1JACCSQWzgGFu
314,Kelby,,ktidbold8p@ftc.gov,1M2UGYbMo8DR49CoGyMbEUvPgRgtuUUVJz
315,Keir,Le Galle,klegalle8q@about.me,1AEidK4nBTKBmQYdoaftYXyajFykHoHzMC
316,Salomone,Mellenby,smellenby8r@simplemachines.org,1C81jbK1n7HhaLzxYTM5txMvjWHjUTCE4z
317,Karlee,Barnet,kbarnet8s@163.com,1FBtqyuf6KsPLMJbuiTX3yV6m47AL5KpkH
318,Edsel,Whitely,ewhitely8t@etsy.com,16dgnT1D9qAURWgghtEF2AJQzTh6EjjoPX
319,Terrill,MacCague,tmaccague8u@oakley.com,15eZ1S63uBWT89yqqvU6hnsQ4qWjEqGtWL
320,Bryan,Perren,bperren8v@ucoz.ru,1L4JvG1SHLnPpjW7KMtbpzMJGNDzAUb3vE
321,Francyne,Skeleton,fskeleton8w@patch.com,1DyGLfPyYBgU6Zk2CbACn45tHBikYJusmW
322,Jannel,Murdy,jmurdy8x@discuz.net,1CBMRq8XPMemeseWj6jReMP6RL5NPS71Yz
323,Aretha,Paddy,apaddy8y@yahoo.co.jp,1MyfKButwvL8i5owDt4vsTHsWHAvyJZ4bP
324,Timothy,Antusch,tantusch8z@sphinn.com,1yG4tQJFM9FJWv1b9oZ7oWjMbwwNk9ZcW
325,Lars,Exrol,lexrol90@desdev.cn,1GjtgYT6MDrGFByZUyTgawbN11Jvb1fVw2
326,Rosette,Cudd,rcudd91@list-manage.com,181ngVXVSU22FbtLxCeHWj1r7zrrT3mXhP
327,Blancha,Saile,bsaile92@de.vu,1NHJ4HGfKeMUZR2iMTsv4hFS4mNjABc1Cm
328,Harmonia,Chatainier,hchatainier93@nba.com,16rhDDnjembbG5MbiQ67X4Yab22KQEfcMj
329,Emmye,,egrigson94@cmu.edu,181EyfTYJR85N4nkLUu1FoEKUbdbL5ykE
330,Domeniga,Jankiewicz,djankiewicz95@theguardian.com,1J7MUTH1gNfcvYVWt3btVrmDXkLNvbsCVR
331,Annelise,Peter,apeter96@goodreads.com,13AryNfnp7KLtr6iTPG6qioJRhLzRFXo8a
332,Welbie,Inott,winott97@homestead.com,16kG4XZv18Y97zxMzfHhB693e7pcUoM5YZ
333,Gay,,gpache98@cocolog-nifty.com,16wgfxhMdy2uMRj6Ad2uuvkWpt4dEPjBtY
334,Pattie,Pemble,ppemble99@webnode.com,1Ej13hPWjyo7vqs6DFGpXqbRxKDFGSugxP
335,Martie,Atcock,matcock9a@google.es,13bHDhqtuTu4A5CCoPerqgttBEc9LZnp1Z
336,Jacinta,Robb,jrobb9b@wordpress.org,1H8RfpZyUSHTMJQJNUhBkm4psNbRvxKHsF
337,Hubie,Coburn,hcoburn9c@omniture.com,184x5RtjCbtS5VhAzbEEWNWJ7c3LcUqbgu
,Laurene,Ruggier,lruggier9d@ftc.gov,1QCH27WUCJij2HaG93bcdyyCfek27GEoa3
339,Loralyn,Adshead,ladshead9e@msn.com,1Gp4rpv3D3MFkjfAPwq3Zc9vVnoo6aoqmH
340,Magnum,Maro,mmaro9f@baidu.com,1DVTVwFfwjAL8nnPhg77a6NxtBQ48fegMD
341,Chrissy,Havik,chavik9g@weather.com,125peLEaoXPNapnShjMJREyWWaH5w8FWwM
342,Ddene,Sheers,dsheers9h@wix.com,17Z9JSqYP75pGTHoxew8mwVwjPWMkyLrQb
343,Marion,Shrimplin,mshrimplin9i@msn.com,1EZUZipBX7KaiFc7KHYubkraM8ghzMBXqP
344,Julia,Lude,jlude9j@booking.com,19fL3mQV1Brx2Lp6VVc8AXvkohJSSBSRef
345,Ester,Sterland,esterland9k@instagram.com,16tZr8asASFs3NNZNZCMzjCmwsbEz2apVu
346,Rowney,Yurocjkin,ryurocjkin9l@ycombinator.com,1KPwhQEGxe8vmozrLdr5z8ovJmbyXHgAFT
347,Adelbert,McEneny,amceneny9m@sciencedirect.com,1Dw4nx46RwVCQEN3VFAu4ZRWSLQqnjFkW5
348,Joye,Rosenbloom,jrosenbloom9n@wikispaces.com,1BoCMGSk1nqibTUSDGYDGiATJpiMC79hLh
349,Federica,O'Noulane,fonoulane9o@squidoo.com,1GXF6X6qXKAyzeSrMaftGU216tV4V1dfWX
350,Cairistiona,Prate,cprate9p@shinystat.com,1H1ufcnt8ZPmkVgvZXvWmkKCAR8cdzcyBd
351,Hussein,Jaqueminet,hjaqueminet9q@google.it,14rGgBxwqKoDg9oQCGDG7CjyobpN53uQPr
352,Juliette,,jrodders9r@1688.com,1KBmAnvQ3wBV1dMPEYTNKCrWFZEyNL8N1D
,Andi,Oxbury,aoxbury9s@icio.us,15yFrJC4BXjiXfFF5tdQybrnQA5Ti6qgdv
,Jorge,Oldfield,joldfield9t@fda.gov,1ES1EGWMH6waDhoCoTPCp3sqGQigu26zCb
355,Kyla,Hooke,khooke9u@addtoany.com,1MLtDHS2r85btsPog6Yc2ais5HXRGhJGYV
356,Nata,McCarty,nmccarty9v@cargocollective.com,19MYF6YwKta3u6SbyxvahU73E3Qhe6ALuK
357,Lynda,Vell,lvell9w@phoca.cz,1KBAJ2jVZD4BE6jYAguchA6nver1jDtiq1
358,Mic,,mlindwasser9x@sitemeter.com,1KB8DgXc4PzAEwGNmyahhwWZaK6xZAwqLk
359,Temp,Hedges,thedges9y@storify.com,1bXE212r5XnoJ6Zkj6cXkSGmDio9Dyt4C
360,Bentley,Gerriessen,bgerriessen9z@wordpress.com,1BqAwi34hcpiSXpdKUHXMqvdGnhJpNbTH6
361,Zack,Molson,zmolsona0@jalbum.net,1JG5yty1Nbzi5PKMXuPhtNtYncjEKkmi2F
362,Nessi,Kelcher,nkelchera1@deliciousdays.com,12Q8sf3Mw4zmRJgpsA3oYQF99bufFTt1kB
363,Talyah,Shearston,tshearstona2@com.com,1gZbZJSMGZvhWAMwt2VfCjLMe8eiKZqQy
364,Deloria,Keen,dkeena3@wunderground.com,1K425ixbinLCbb1qtwNZKzs3YSt5ycPega
365,Yorgos,,ytummonsa4@cpanel.net,1Gu7NadcecGgDP9JRDGGXMyv3yDGecsMTD
366,Chuck,Burberow,cburberowa5@networkadvertising.org,12q3CTRJcwVkjdk2ZVm1Zo733DZr81VN9R
367,Sheena,Redwood,sredwooda6@sina.com.cn,1CdEgU3asU4zb4DSRsNZVQm3Eiqhdfz64Z
368,Ivan,Anyene,ianyenea7@paginegialle.it,1KRrQGiMkAT6J339QHvbnYdFQGje48oXZs
369,Saudra,Whitman,swhitmana8@technorati.com,1oYvscooBsoj2AkSKhpGZuQQQcY6A3Zi7
370,Ivette,Clemencet,iclemenceta9@independent.co.uk,1EcGWZfins933sngRKxBWn5S7Zz967uexi
371,Floria,,fainsburyaa@blog.com,1Pb7U1Ghze7CbmLu92XBBtex1QcGG9Dq1U
372,Sibylle,Billes,sbillesab@sbwire.com,113yDguNWfKqS3s5D9EhRTCtcQFaDBvwLg
373,Cyndia,Newbigging,cnewbiggingac@lulu.com,1NGRBttymmU954E5QGVYNLkeFBnfzB2CsD
374,Marena,Van't Hoff,mvanthoffad@vkontakte.ru,1Q4AcvcpvtBUv2P6xxBCt69pe2xnNZEQqo
375,Rudiger,Thirst,rthirstae@prlog.org,1AmQNmMGkha9tGe7fNjJoGvxxiLCxYoEhD
376,Eddy,Trenaman,etrenamanaf@bbb.org,1HFAQi6Xv4yEd37XEdq9ZUAFEwrnkkZX1A
377,Rickard,Francie,rfrancieag@businesswire.com,14g84UfLN9aX5e5WUfY66mEiso4fBxSD9S
378,Dulciana,,dbailsah@symantec.com,1LJZAsZpfsdH93ZeZ24MqZvfc4LfPKVVxf
379,Sherie,Delea,sdeleaai@qq.com,12hC2e49QjsKxLUVJ29wsJC7wJJsjS5UkF
380,Ariela,Stockney,astockneyaj@hhs.gov,1DtiiT3sbFKnxL22dHryX5UciUHHgnpfUR
381,Hilton,Matton,hmattonak@vkontakte.ru,1DmPMTjjxFGBtrccoCWaneAV7xEE7faxAy
382,Karel,Smalman,ksmalmanal@dailymotion.com,1HCnizoiqzomcv4s6GYtuayM6pRa1ZuECn
383,Roanna,Thickin,rthickinam@rakuten.co.jp,131955AiR2ky1EhiX6CYTepnPumuKc8N2M
384,Dalston,Crankshaw,dcrankshawan@desdev.cn,16a3dTk49BJULziGjUpQasLkFjYo5jXejM
385,Hyacinthia,Morden,hmordenao@businessweek.com,1Cj5pdBz7HHze5NX5AjD4hArTMJn7hqxwr
386,Humberto,Worboy,hworboyap@tamu.edu,1MTBxwre8KPkr1XhAM1v2yJL3jucxfzSK5
387,Bernete,Pettifer,bpettiferaq@cdbaby.com,15AAEYLw3D8Dy156EgDoUNMbLr5vUiHnoq
388,Katina,,kprobbingsar@prlog.org,1HsJWnbPBc3QGqPnutDTpigoKM2JDDji5A
389,Clim,Caff,ccaffas@slideshare.net,166Yx5SVEQb9setunHad3tWAhmFbDTsV58
390,Ediva,Raw,erawat@macromedia.com,1JiCRN5tcYc7c9efiirrdvJynf3fA91W2P
391,Carley,Northway,cnorthwayau@msn.com,1CaYeGLkWC4RgBi5NUdbvPc9TLAYcQfRnm
392,Hasty,Potebury,hpoteburyav@mail.ru,1FGGC9iRLcsKgjqg6D2A2FLQkfFFLK1oa3
393,Murielle,Bubbins,mbubbinsaw@elegantthemes.com,1Ko6DKHkxTgSL5C7pRLGvamZRDYPVRpHL5
394,Cassie,Dietz,cdietzax@blogtalkradio.com,1JLqo9WbKX3FHV4udLdi9VKkDcQFDTK8xW
395,Lizzie,Derham,lderhamay@abc.net.au,1J4dWfsrsjXkP4iYQYau1Tiq8z4zAt95Pu
396,Cyndia,Bettlestone,cbettlestoneaz@washingtonpost.com,1Pjo51B14gNVYgHZkiY336HA2T1uJwU2nm
397,Ginelle,Hoyle,ghoyleb0@wufoo.com,1CBH6Wmk9pWWdYEC7VQmkSzRuchXxZsQF7
398,Sarajane,Trays,straysb1@google.fr,12Gajd62JJm13rBz8qY9ACewNU6tAFiwxi
399,Norbert,Nurdin,nnurdinb2@msu.edu,1PF9nCKmXDbKjWjeuD1NykBGihwc3hhot8
400,Leeanne,Vinecombe,lvinecombeb3@toplist.cz,1N9Zohf3iw2GeZEF3qyWFmcui2423TxxsY
401,Erminia,Fison,efisonb4@guardian.co.uk,15rCQYV91UDVZ5cVP8begmawcDh3qrvZE3
402,Alexander,Moulton,amoultonb5@diigo.com,1M3xud2Xk4nxBD3pb9TusYUxNK2EEYzfQd
403,Marv,Banker,mbankerb6@squarespace.com,1K9CQNRpTNzZinQfbdC8gKiJrAScBEUjJ
404,Ailis,Provest,aprovestb7@yellowbook.com,1FbReh9iccUjkynSiYTXU7KPNQqpiKY5ua
405,Stanislaus,Ambrosetti,sambrosettib8@ycombinator.com,1GZYraDpZ44gafWuZYxsmKw665a6Um7CJ9
406,Robyn,Beadel,rbeadelb9@jalbum.net,1HuKezBjETeUG76oX7nc8koogHDCJBvrcM
407,Rita,Kirman,rkirmanba@exblog.jp,1Lr579iPA143BAYGdffQjvKAz4PVDRbdCg
408,Clim,Ferrulli,cferrullibb@woothemes.com,16wqbo1yx4mAJFBFswipVjJBWhCzcZoUMH
409,Schuyler,Kopecka,skopeckabc@ifeng.com,1NfN587XvLFbCPrtRpjrZZAqxtLPqQsUw9
410,Neile,Beardshall,nbeardshallbd@bigcartel.com,14zSkcYALeSzhSn3FvyuJ8WjbosPekw1xN
411,Leeann,Ludron,lludronbe@smugmug.com,163cGqbnmnepcj24ZeA6qt1ECxiW2cbUPb
412,Lyman,Lissett,llissettbf@unesco.org,1JWoQqvPobPJ8KUVMcpDXCr4aQrvhYy7KL
413,Lindsy,Martel,lmartelbg@opera.com,1NcnFsCpXmkTYNW1XF3MrfUcCYC2Am9cap
414,Rafe,,rlowdesbh@bigcartel.com,12R9tggunJU47eWQmCd2ubeVButqwY7W1e
415,Bartram,Kermeen,bkermeenbi@reverbnation.com,1NVtFxFGcAadMkXxKf4BgrxXtA3uKDkWBa
416,Arturo,Edger,aedgerbj@joomla.org,1BGPcz5r9vA8HpD7XuWqsdmry7hhzYL24f
417,Brandie,Dabourne,bdabournebk@utexas.edu,1Lv5zm6qnMKxjYN7YNfaFvfrZzTYY6Ndqf
418,Joy,Zanini,jzaninibl@mtv.com,126k4jaryEQxLyz93SoDpNeVw4KY18dAtP
419,Jody,Elves,jelvesbm@oakley.com,1Bx37ChRAf2auBhFEfjnzKdgVoj3Ae5iwU
420,Devlin,Fanstone,dfanstonebn@scientificamerican.com,1KiLb9JyUYxK31ajrymUWo4NcCtGoeeY22
421,Gwenni,Durrant,gdurrantbo@sakura.ne.jp,1MCZokSDfATTWpbYtGmMaqZ6YJjk4cLwve
422,Yulma,Stark,ystarkbp@lycos.com,1A8HHW7eRNyB95pn9MJ7L4F3AN1a3PesUx
423,Sydney,Jenckes,sjenckesbq@mtv.com,1364CV73Qj2fcwj5ThHLkumv6C84zZi1rY
,Blaire,Witt,bwittbr@globo.com,12jjyikNj51kFy4XZ7ZTsacKSocj6EFvRs
425,Marris,Salvin,msalvinbs@google.com.au,14bVZojnpoemRUFxyCfNbcmWXYGfqsaZyQ
426,Bette-ann,Searson,bsearsonbt@google.ru,1JucXPQHoAWfrwZF1xSsnjBQgTtskzocAh
427,Tove,Pietsma,tpietsmabu@weibo.com,1N24TTwVfhNK1dHDP5WsT97TFCn5UTcg6B
428,Rutledge,Scamadine,rscamadinebv@t-online.de,1Hp3cGPs1g2QbtsuMxuKxuei8jg8ijhePK
429,Garold,Forryan,gforryanbw@so-net.ne.jp,1NbQgW4jvyM1V9zBznmgpDffmLaCM5zhRq
430,Bettina,,bunthankbx@g.co,17Tz27kBQq5ydYarLqWqyADCt6X4re2KK8
431,Maje,,mrotheraby@adobe.com,179CvrTK1GVAumTgHJfpLeozaCUtgSUoHc
432,Farrel,Berr,fberrbz@discovery.com,1Nsu1JY6wKRyD28sYE3DoWwQDwBDq6DHrv
433,Jaquith,Water,jwaterc0@hud.gov,16y8UgZibH9prGf3MyVeKrb9th4JJkdN9r
434,Grayce,,gtrittenc1@globo.com,15qSW2Z22cUUHBLA9QwAo4ib4Z2ij4T9oo
435,Leon,Vanacci,lvanaccic2@europa.eu,1PqRsTSVGnSsZjVe4CTZ4Rg53GTnssmw2S
436,Levin,Kennler,lkennlerc3@va.gov,1FWxKB53f19FbTCcmFXpm4pn5AWgaFQ2tE
437,Ario,Ratledge,aratledgec4@chicagotribune.com,14AVo5bi63SC3rWSZvPCvp66Sc1QZP29F3
438,Sallee,Horrigan,shorriganc5@house.gov,1PknyQgMXEwWb2ZrLzyLtMS3YFHdWeS8KU
439,Mellisent,Mugleston,mmuglestonc6@artisteer.com,1DDGUP1HSFWjDAfBF6EhqjeLTLVjThgr98
440,Clare,Farrance,cfarrancec7@jigsy.com,1q5Tu5cxh9c5QVEcLGYYg3cUPpMRiCsw9
441,Nil,Regitz,nregitzc8@hhs.gov,1HKjo3bUvj6KF9JjavskiWCogLZKM2vJ9f
442,Rasia,Lavalle,rlavallec9@shinystat.com,13Ft1YaLmPeDzH27fSFahwgbTX1ixjyJbC
443,Dmitri,,dmithonca@huffingtonpost.com,1Dhjtm8uhpfravyCB5gRfsWmEqMRSvzVed
444,Lauren,Stelfax,lstelfaxcb@mysql.com,19qV8Fa4pdaCFqwZQfahoVWyBLTPawgu9S
445,Griffy,Kerfod,gkerfodcc@ow.ly,19Rcv2tDrAnMxPT1hJX8jo6mpNQn36tKx9
446,Yoko,Fasey,yfaseycd@toplist.cz,1849ofgEeC5QCETaQnpiaXhVTX5iWJhQYY
447,Rolfe,,rviggarsce@alexa.com,16Q67aayy3Xi335aZJToq59FgDXJS1wXn
448,Rhona,Rosekilly,rrosekillycf@buzzfeed.com,195j7to6UqSZETotBazEE9QxjwtZPmhLPs
449,Paule,Eby,pebycg@prweb.com,18oz21KVdtMU4Nv33L29YGGmwX7F9ZVPpm
450,Desmond,Rohfsen,drohfsench@zdnet.com,1DFjQxmKPd1aDLmMRpTuKM2FxLD9p2PS1u
451,Gamaliel,,gpedrickci@state.gov,1GPSmwKFHXFTWTkK3WAvgJhwYhsqiXg66F
452,Marsh,Raun,mrauncj@bloglines.com,172umAghnU56vsH2rFufZubdWFpgf8UQF2
453,Josh,Meltetal,jmeltetalck@devhub.com,1AgoCUJGtqYVLADbNdd5eAR8wL7Ja6jHo4
454,Myriam,,mespinetcl@friendfeed.com,1CYT52GiWzB2GqLe7eJqPSKvmZobhwF4kS
455,Betti,Staner,bstanercm@bizjournals.com,1EyTUwXZff91T8nRexXx5dWUMo7kzWr9Dw
456,Andrew,Landsberg,alandsbergcn@disqus.com,13m9J15askXnmTBJ3GzxLGEx7G9EDn9GdT
457,Bryant,Notman,bnotmanco@vimeo.com,1EMdG33Uayj1KhMTTZd9rYAvdMnYR9mbNC
458,Evelyn,Hardington,ehardingtoncp@tumblr.com,1FxY91h6Yhb6wp8USAGUE5ZAiy5Kd14TM4
459,Jaimie,Mockler,jmocklercq@cnbc.com,1AqUW1iAPuauNAawG2i6VU81h2qiGjKCZs
460,Mattheus,Quinnelly,mquinnellycr@china.com.cn,18vGTKr1asGgGxz62rM1HcQeTQ71QE54Sz
461,Austen,Malser,amalsercs@timesonline.co.uk,1MqTtuvEMDQwki75vcZnJzCs7fW8Pn38xX
462,Norbie,Middleweek,nmiddleweekct@scientificamerican.com,1PK5MYU9H1jnny4CphTw5nnxvkNvfHJyxR
463,Darline,,dalvaradocu@newsvine.com,1LT8pct6jJm52gzZmsVEea3N4NZo33ZTs4
464,Tabb,Mc Caghan,tmccaghancv@msu.edu,1QBqnoMd4WwEjFGMkpho5y6xXKXb99pkvj
465,Staford,Riddick,sriddickcw@phpbb.com,18ZT3sfbwQTgixDcYPoTD1EJ75h1mJhic
466,Kerby,Wigglesworth,kwigglesworthcx@list-manage.com,164wSEhYEWfFAWEP3MErfDrLUP1vHf95Hw
467,Desiri,Attwooll,dattwoollcy@oaic.gov.au,1BA5fG379ckAtNTdtUUM7JM6W9A2pDM35b
468,Robina,Rouzet,rrouzetcz@google.com.hk,18YEtfALepcxUrbiaxHc74NQeYUDFcmVJd
469,Marylynne,Skittles,mskittlesd0@meetup.com,12U7f1mNsqPGL3tq4JZF7srBaEWTwJ3DzX
470,Sada,Suffe,ssuffed1@loc.gov,1MfEivdGKd7gg83y4h5ZXbe69LLWY5mvkY
471,Crissy,Petrou,cpetroud2@nymag.com,1Nis9a7wAJXu3r8gRtW3HtH2145yXAkGKs
472,Elke,Galsworthy,egalsworthyd3@yelp.com,1PEmntbuoogNrPDaM8hhEAMQMV5cNmMZvg
473,Gwynne,Cissell,gcisselld4@nyu.edu,1DayTmViRxc56iCdE5s58DWPqZaS4umBXi
474,Kleon,Waddup,kwaddupd5@amazon.com,1QAphzsSq4yC1a8YnWaVhYGwDFi85v7X2i
475,Gilemette,Bloyes,gbloyesd6@examiner.com,18FyiR7f18sTz76TCexBxXpTkkpLfFgPLV
476,Ram,Ondrusek,rondrusekd7@ibm.com,1QKJwpmB6ncguTpG5H2RrraERxGhWkM3an
477,Abigael,Parsell,aparselld8@zimbio.com,17ZhJe6tJS7QheFm99LmAtmkRNYMKCaCQu
478,Sherri,Hamblen,shamblend9@uiuc.edu,1L4BaKG1SQBKfo8bPFNZzGryDKnS2g4hcX
479,Celinka,Beckford,cbeckfordda@miitbeian.gov.cn,1LRVPN1szeqf5SKvMJnzSkaxhQUpjq5JKa
480,Jilli,Langstone,jlangstonedb@youku.com,1PNHzrj7qnqw6QdhwGtrfXazwmqqkG1vCP
,Ines,Rosenkranc,irosenkrancdc@dell.com,16iFe3rFXdHweio6RovY6MQJHYhkro2AfN
,Kikelia,Chesterman,kchestermandd@alexa.com,1Ktd9aQndcNkT2Ny4DEvBhdoSsRLyCEJxS
483,Kathy,Grant,kgrantde@foxnews.com,19MQjzaXZWZJvpP4WYwzxzbF75mKdM8h5j
484,Theressa,,ttimblettdf@army.mil,1VkfZNjoxe33W7wPfMdcmU4L2Sgyb1c1V
485,Raffarty,Grasner,rgrasnerdg@dell.com,1DowxvM8EGoL6XrnRa5rESjc8NwegMBokV
486,Elisha,Pietri,epietridh@twitpic.com,1DFeVqoDPFaTSZfCFpYXaHGNqy2Zw6D6ja
487,Sanders,Gransden,sgransdendi@csmonitor.com,1N8BbyLhuodQh9cZVpMNsgKEoJtT3aP5mo
488,Lorry,Mucklestone,lmucklestonedj@technorati.com,14TXgfzpcqq9mamvXQE5tDSMwTBgdJ9BZS
489,Claresta,Petrol,cpetroldk@nasa.gov,18XsCcnAHJLgGPx4C8LJYWxQ6L2mDDChmf
490,Zaria,Peterken,zpeterkendl@yellowpages.com,1HTVK5bDPWLwDLcnsuyLtzmqAu8LM8J3gQ
491,Skipper,Blumfield,sblumfielddm@sciencedaily.com,16opMAN5vneMovd91qooK5wW5BcPESGCo1
492,Tanya,Frost,tfrostdn@google.ru,1KNSc6wN9s3QHxtJeFABTShDFst8FckpuZ
493,Craig,Harring,charringdo@kickstarter.com,18BNhdJFEJVKQFJt4HkBbKgBoLFZXJxg62
494,Rosina,Matthias,rmatthiasdp@paginegialle.it,1NsiFoiNNZ6h4wh4TdvCkNnpQmW2ByT1po
495,Winni,MacTimpany,wmactimpanydq@yandex.ru,1MHLqywgmfiC2BYhFxDEa8TVntnchV5ypD
496,Jami,Pitrelli,jpitrellidr@w3.org,1DoSu4E6zUvc95gWgLxEbeTfEctn6piNat
497,Dalis,Karolyi,dkarolyids@nbcnews.com,12nmhXamawud2EpESxtwvesQMm9pw2Eyzv
498,Carol-jean,McMaster,cmcmasterdt@theguardian.com,1AsL9HF4DUNBxZsQFuFqVM9QGfxC6GZBqj
499,Jaymie,Prime,jprimedu@eventbrite.com,1Ce2UX2r35mx65EXkgY6AC1jaSAvGo2RTN
500,Pieter,,pcrimpdv@php.net,1LEjtAaj6JXiAMatQdex51N1A26PCZQ1aC
501,Alard,St Ange,astangedw@icio.us,1H8Gfe4aj9NP7LmziW4rZ5wzz1q4boy4ry
502,Gerta,Sink,gsinkdx@nymag.com,1L981P42BrgJE82KWtKvEENkUdiJbqMzkH
503,Justen,Kringe,jkringedy@arizona.edu,1CUtWhUgUP6hzCMbkfqKwzB4LsJ9Vqms6U
504,Sondra,Pischel,spischeldz@sphinn.com,1KucUGaU9ZWaWZZavn9EHxE8Lmp5nDEFSD
505,Towney,Cutchie,tcutchiee0@cnbc.com,1LMuB2fgByewHnbKnwMCQttNARsBmf5BLU
506,Lincoln,Gammons,lgammonse1@japanpost.jp,1PRYEqnmyeEfZtRB8fh312pQVFSo6X11Z8
507,Garnette,Todaro,gtodaroe2@engadget.com,1GN7Hd2yBBeTFMinyVHcieJh2oY7LtdB6t
508,Anett,Sterling,asterlinge3@scientificamerican.com,17kNZEBRag98N4HFVotGn1DsPGvmouWn8o
509,Keriann,Malim,kmalime4@ucoz.ru,1EZ9iE36aAEWCRCnvVPiXQ2yKJgkwAK97P
510,Ingunna,Civitillo,icivitilloe5@mashable.com,18eeyzPawNBpySUPfP6oC4QSZbWWQXNySL
511,,Canizares,kcanizarese6@amazon.co.jp,14HUS1vebJQyuaMmXRkJJXqETGFaXxb2wA
512,Gwendolin,Adam,gadame7@ucsd.edu,1NayQW6F1HqxSjTqDt79yguxWZ7hiWERmL
513,Ricca,Rugiero,rrugieroe8@npr.org,19VXoX84qrNUTSyTUpyanutb8a2VdLD8Kt
514,Bard,Danbye,bdanbyee9@pen.io,1LSBpTSTxEpQUDbRyoUjWPtpG32CowJq5S
515,Abner,Faudrie,afaudrieea@naver.com,1FgBQN7cR8RdjVTp81S4eKYLW9YMsLgcro
516,Verge,Ruppert,vrupperteb@delicious.com,1G8bPpAVwCrPFcb3rqEUGs5L8GVnzZS1E6
517,Alvy,Padden,apaddenec@addtoany.com,1FxzLwUuHwSZM3uWHjPCndrJ1ZXn3brufh
518,Chickie,Matuschek,cmatuscheked@hibu.com,12coGjKvchjRLpCVQXhCfCX4NyGwHdG1Yt
519,Saidee,Tremollet,stremolletee@oaic.gov.au,14WGA7ks29mN7YPAzJmN1Hi1jUs5fHveka
520,Lynelle,MacGorrie,lmacgorrieef@smh.com.au,1KEvuWHM7BRsZcHngCddZuhKe9JZiJfM7u
521,Anatol,Rous,arouseg@sfgate.com,1BC8CYy3kEk2AzpjyniQoUXnY4gw6Q665u
522,Ester,,ecardenozaeh@ca.gov,1MzWHrERQfyj6GNEKkztAMQpjxvqqNUPJi
523,Ibbie,Ewington,iewingtonei@netlog.com,1HJX81J2WyyP9PvNMmiT5YG97A5jmnQqbM
524,Birgit,Smith,bsmithej@cpanel.net,1JZMmHQ9qb5FajRedzJNNATxQMCKtHESpB
525,Alene,D'Enrico,adenricoek@123-reg.co.uk,1NpgC2CTFpEVrwCetmyvuDAPU98vZzS9yp
526,Callida,Huton,chutonel@patch.com,1MdVw8Zx88h34oSPedufSWxC7iDHQoMZCH
527,Jelene,Darlow,jdarlowem@bizjournals.com,1JWg7VRHx5zLMrdcjiTbXauuzv6UgkLnXp
528,,,dlawlingen@independent.co.uk,1hJRfFQLg1X1oe8FFhLrd39RnyBKWMZgT
529,Philippe,Mc Meekin,pmcmeekineo@cmu.edu,1KPvtdZoK5md5QrJbGFJ3QTDLz6hZotsMD
530,Swen,Thams,sthamsep@ustream.tv,16322ugScQvKV2PNSwLUhcZDtnvjnyC2po
531,Ron,Burborough,rburborougheq@g.co,1LTxbvCuDJADUPXrCVEep9QVKWybkeU1Nr
532,Prinz,Duckworth,pduckworther@google.com,1C7w4Wta7GSfKfWrnW47eWPqgEE8bxpNbw
533,Esma,Kender,ekenderes@noaa.gov,1BDGd12RbH1Ce3it1soqyrVrgi412oZLaX
534,Wilona,Jizhaki,wjizhakiet@simplemachines.org,1K9Dbdjb6Su1HKJYaNKsU4em8JhUzWPgsG
535,Jolyn,,jsillitoeu@themeforest.net,1JhcQs5f86iLTMPPr2S5FKY9osd8Bay5G6
536,Romonda,Gath,rgathev@ted.com,13ix2HszudW3cy3NbooegnWBBGxpvU6AuX
537,Sheffie,Fonte,sfonteew@zdnet.com,1AcFXaDF4DxPdZGe7yFU2bJ3v3VEhhwSLT
538,Noella,Sigfrid,nsigfridex@google.com.hk,1Aw1GJagn3XnEuc2xF8Gw5XzEsXZgBAFCq
539,Julieta,Cocker,jcockerey@360.cn,1JnQNgxzUHep8pj83DXD5Qt2iLbbSFzgqS
540,Ingunna,,imonikerez@paypal.com,18bWR3btVBG2kmdrSEJZFCfMUrMyUTE7KJ
541,Freddi,Spackman,fspackmanf0@state.tx.us,1P6Vknv7QzpoL6UvCMC7pgJPf2VxSEc1E2
542,Basilio,Farden,bfardenf1@webs.com,1JwNFNTYjAZisGKxC3DJZNzUWiETVhJ28t
543,Judy,Stave,jstavef2@discovery.com,17jzgdnvD8XPQoT1YLZvJakGQ1jyvpZTqi
544,Broderic,Poynzer,bpoynzerf3@umich.edu,1N4Uqt1yVSC3ZKbGvSD9iwS8ef6XwW4vEx
545,Pete,Robelin,probelinf4@naver.com,1EaQ1j31RANFzNBeiWa8ZrEuNH4ERfiBvL
546,Bronson,Lougheid,blougheidf5@youtube.com,1L3FhiDxEgMiKY7Kg84d1KZMYuERsKnU5Z
547,Averyl,Buie,abuief6@census.gov,1DHEDfGR9aKu7red7MbighPGm8hBVrna6h
548,Deedee,Pedrick,dpedrickf7@ox.ac.uk,1Aha9dQDknRhYQ8trH5vfnWei7uJqdeJeR
549,Meredith,,mgaskerf8@sciencedaily.com,1M8yic5oRqZqexBvz9sR6ierjz43UBHUvb
550,Land,Freestone,lfreestonef9@hexun.com,18XTCJQzZcbrfaS6821WxkThv2mXhPsTWE
551,Dixie,Josling,djoslingfa@123-reg.co.uk,1L2H7gJhDFjVA88MzuLTJy4NyoG5hLKE4f
552,Patty,Andino,pandinofb@timesonline.co.uk,18PD6qdhnELmvhwi23P3m7WxgAXkG2dg3S
553,,Wilfling,ewilflingfc@smugmug.com,1MqNbZX5RmRmn72Zq1NZmRk1qKMFx6e4zM
554,Ravid,Egdal,regdalfd@ihg.com,1PwBKYoFpXShjVTabgNRw6GCu2N1MtAa3
555,Eran,Fullbrook,efullbrookfe@weather.com,1rKN9UzuRoXHUNgEFXzocRbb5bExvG5ie
556,Tamas,Gunthorp,tgunthorpff@sphinn.com,1HsisMUvQPcAELG3m7hPYdsTjY6wvXUr5s
557,Philbert,Werndley,pwerndleyfg@phpbb.com,12MH6U6cCeC79yWsGfS7kf6AQRo5zWANHd
558,Ivett,Sowley,isowleyfh@livejournal.com,1n6Hi96hVRuWTkCv2S9cnSN9e2TfjU7sr
559,Janos,Vina,jvinafi@livejournal.com,1FWty2ypQk7L9i3WnVyEB2Xb6K223ek1su
560,Pamelina,Withams,pwithamsfj@skype.com,144eX5GAwAXgS8GBMnhSZ76gwrTeGoh2hC
561,Michaeline,Gooley,mgooleyfk@friendfeed.com,1DrNfZ5tUubW3SUFvFTAesEy42rKpFG39N
562,Andreana,Luckie,aluckiefl@jalbum.net,1DXveT84jeKRezRJ2LkNVPEAxnAGD4pxkZ
563,Roch,Devericks,rdevericksfm@mapy.cz,1LYvkUrk9LUjMTP6T8Mcv2aSKPRKuxm9a
564,Murry,Pengelley,mpengelleyfn@about.me,12Y8CmKiKd892X4spPk4GPt5xBwhN6wsXm
565,Eva,Venny,evennyfo@ustream.tv,14e6bWdbA6Kz5aQiVB5ftznGxWnLyhRxzN
566,Amandy,Corkan,acorkanfp@ovh.net,1QJMcuR8zF2Yo1JagB1vYkZGbV8hw1pevA
567,Brigham,Livock,blivockfq@mediafire.com,1DeUQnNipwk7eNiAfJrYXGVt1C8N2SKUYo
568,Verna,Feasby,vfeasbyfr@flickr.com,1uVjjgrJcHfRDKZGwHhedEiB3Hk7uzDbB
569,Gerda,Muckeen,gmuckeenfs@php.net,1FFSjaaxzES8pBeTkmwNfchbdR3j4A2RYp
570,Min,Frankling,mfranklingft@so-net.ne.jp,1CCaKtBeSNsEcmEHEWpjgx2j91Njzw2PFP
571,Con,Hirtz,chirtzfu@squarespace.com,16gEn2p5dQmPde4xWksYsPjCoAsVyJwHxx
572,Justina,Goch,jgochfv@yolasite.com,17bkrJM7HxFzfySf4bRTkHQ8jg9jYCJFX7
573,Gloriana,Bernot,gbernotfw@mayoclinic.com,15Q9ZJY6xzG4nb1duFR9DmC7a49Skp85k7
574,Burr,Stobie,bstobiefx@cafepress.com,1EmsBDfg4kxhnR1LEKafVTju7gf6NAMZN6
,Goldina,Beange,gbeangefy@xinhuanet.com,18yZWEXqLjWVhLguUVBjoNZ4niDLDXchUf
576,Koral,Rosendall,krosendallfz@yellowbook.com,1MYkZE57F12Zdbk9Goaw1PjYyMyLxffjvd
577,Klara,Ascraft,kascraftg0@usatoday.com,1LZGbTuCUAZYv7pkxWd8yngAs4emy6tb6z
578,Micki,Maier,mmaierg1@rambler.ru,1QCpCaSNbnZeWgVpZZyLBfimYxyTV7wPYe
579,Meara,,mbankesg2@cbslocal.com,16nLvwG77mXrU754U7GbU5LnY3pgN3mWJb
580,Mickey,Shawley,mshawleyg3@domainmarket.com,1KkWd27HWWQfwVpcQazyBs5NpRTLBQscPc
581,Carmel,MacGuffog,cmacguffogg4@independent.co.uk,1CFphTva2MaNBL8AnTvonNZ5QkdB6JLSSJ
582,Davide,Bradforth,dbradforthg5@unicef.org,1HCKom5LA3p6AvGL5r4XB6tYuW8Zw5Sc5b
583,Kesley,Issacov,kissacovg6@ucoz.com,1P7LKfKobgT9TduL2LZ2gsgSScPLYVNQ6A
584,Shantee,Baume,sbaumeg7@t-online.de,1JyJtsyQ3vjjWEmayLZfYD6jwakPidQFSW
585,Catrina,Timpany,ctimpanyg8@dropbox.com,15UW6EoRMhqY5hVsFwD7dW5zX5rHFsqjrT
586,Tersina,Pearcey,tpearceyg9@usda.gov,1KPpvxZB71PtGrrk25gFxcoakSy15rjifN
587,Uri,Temblett,utemblettga@addthis.com,1Nu3tx5vLEDCKy7tfPLAQfeoQuKa47mtya
588,Dorey,Slingsby,dslingsbygb@ucoz.ru,1L8wEQcNKzveHidHbyW41WQ8oATpSSK2ph
589,Rowen,Bartlomieczak,rbartlomieczakgc@twitter.com,1CXq4X624t2x3WAqVgs5azR44KmdNUbKrs
590,Darice,Donner,ddonnergd@google.de,1Ha75EL1QAJe53s9J2qoCcKqDmuaTtRiJH
591,Eilis,,epiatekge@mac.com,1JDWTir4635r2XvD91feK5XNcKobcbLXZx
592,Knox,Pogg,kpogggf@feedburner.com,1EULgS52U49vjET4ktCB9qESGMoUZXp53m
593,Bernette,,bbendangg@discuz.net,1MK1EkoFmg2JfEXgiFXGTd4yq5PM3v8RqE
594,Melina,,mgasquoinegh@blogger.com,1LFSYvNCpdFJyZ5VbZEs3cNENi7UriK7qR
595,Maegan,Cescot,mcescotgi@globo.com,1Ejbmwhe341AevtRp38dde4YAnxoQ2GD7G
596,Devan,Trever,dtrevergj@google.es,14oPVNcSP5VyDqjNDtcSEhwjTEVDGcneba
597,Alain,Jarred,ajarredgk@ebay.com,1HFTmrY5eHMavAxjuLoeSsyKssdP1vxfHQ
598,Florida,Stavers,fstaversgl@ted.com,1PmodW7fieARB3bccRnipsDgDtJe9eVFWv
599,Shelagh,Elis,selisgm@vimeo.com,15tNdYUAadVhZssZamG6jYgmdebU1ZmUNz
600,Fredric,,fscamblergn@vimeo.com,1FkMUnVNQDcUe6Mqkc5ZbicUBgxhEWpgLm
601,Nikoletta,Dallin,ndallingo@imdb.com,1Bhpj9JSmwebRLFZihNAGA4KwnrNBYBnTp
602,Chad,Caplin,ccaplingp@who.int,1EBqWMqCjZhKHyxcrpjNnnShBsyh9K5YD2
603,Dave,Tregensoe,dtregensoegq@dropbox.com,1N4ad6L3hGQQud1VTTC1BZvRDjQXwW2pHv
604,Nell,Fealy,nfealygr@storify.com,12uyJN1cPfV6CPs2DkDspwY5U1gyuFBzre
605,Wit,,wdorygs@reuters.com,15EbtUBYR2btaqCYbfCLPPCMxFRghZ2RAf
606,Nerta,,npackhamgt@chicagotribune.com,1Ecme3VksCjwctrBiqNw7RKq2wwdPmRCu
607,Ephrem,,ecreggangu@discovery.com,1LirawmWJzRpP887HbVp62sjAFRx9cXqCc
608,Levy,Maidstone,lmaidstonegv@edublogs.org,1MtdLALiz873Z5Euas5sx5mJTnkPiBth9k
609,Nancey,Southan,nsouthangw@google.nl,1CVEoyZfzPvhy3mU6rhZxFPuNksB4JWMH8
610,Ferd,Bugdell,fbugdellgx@bbb.org,19GsKnFJyihy8SAkezkcxk2BtvZw3G2KeB
611,Sigfrid,,stomsettgy@weibo.com,1HNpFydTRaQ8WcYknCZwVWzv8tQeyZ9kZ7
612,Parker,Crossman,pcrossmangz@acquirethisname.com,16aRq4fZEq45qnpjsWszSp43Rr4rFiZCys
613,Tom,McHan,tmchanh0@ifeng.com,1Aqk5oTnPVMZYrV6zSsyzV1YERw7RVsijj
614,Yettie,Gerriessen,ygerriessenh1@example.com,17PoijGxQor23r7fzJbGxyeAM5SK7npcPG
615,Patton,Dominighi,pdominighih2@angelfire.com,1Cy9sVDnbHqAjaN5A9hBeD21rmkVnoLD4r
616,Asia,Reymers,areymersh3@123-reg.co.uk,19gh5GiDT4RCg29i3AXZM42td8TYjns7dR
617,Elka,Shorto,eshortoh4@sitemeter.com,19qsRY42EBaDTWszwoahAHTZxDtB8E66u5
618,Luke,Irwin,lirwinh5@360.cn,1Gwhg88Phs3d9eXaKiiMyvrnDdfqmW9DLD
619,Christopher,Lestrange,clestrangeh6@redcross.org,1Gc8t5YQ7xv67FWKk1H6jmHsjhwFiNo1Vp
620,Malia,McKevany,mmckevanyh7@hatena.ne.jp,16LxsGfMz6urb9UkAfyAPm7EH5Uj359af8
621,Phil,Labro,plabroh8@i2i.jp,1FbNcMtqm14wa2hed95Rffg8CuERVL35BM
622,Kakalina,Sanbrook,ksanbrookh9@senate.gov,1Gb5zFfKVrb9YQ2YQcXM2czHYDZxTBLoAT
623,Madlen,Castenda,mcastendaha@lulu.com,18kwFTQ5LhFnfKS3fWJHCmw4e62jC3e7uw
624,Gussi,Lytle,glytlehb@ezinearticles.com,16Nv4emSgvWu88Kc4favhgUZ9ahpo8NX88
625,Marna,Holsey,mholseyhc@example.com,1EeCuBxxHSQzE5DiSHfUUedYhwd43gPb2L
626,Cheryl,Dimeloe,cdimeloehd@printfriendly.com,14Ue3xKdJ4sJuQEfpWxnUP9764fPxGrDYj
627,Costanza,Gilman,cgilmanhe@cafepress.com,1AxtXGvE5BT2PRXMxKLESsRyAKvms1THhi
628,Archer,Tincey,atinceyhf@ox.ac.uk,189XZ1z353Qha1tAbkkZPLuk7EpV7rVqyv
629,Laurena,Wyld,lwyldhg@fema.gov,18n7nMm4sqh2H2fMzGbTHwLv4pQfsmwpRD
630,Bogey,Heinemann,bheinemannhh@goodreads.com,1BXu2ksNuestAGgrx8YwGPbc7wbxGuXiV3
631,Papagena,,plauderdalehi@webs.com,1985dWZDgrNZfiQ6zuRvuaTE1kVq4UMTgc
632,,Flello,bflellohj@miibeian.gov.cn,1J5tswrSkLuzTR6zDKnZ35RfMqWNrrghbN
,Yancy,Hanhard,yhanhardhk@delicious.com,1MHLckS1WTnKG6QhbdZqd3a3YVHXVnNicQ
634,Gearalt,Baudichon,gbaudichonhl@123-reg.co.uk,18F3KY8gHR2859wNz5Smtu48HfpXVReyXb
635,Gradeigh,,gsmeathhm@businessinsider.com,1HYoExFjF4hgJSobXLXogEh4gn5ptDjJhf
636,Elladine,Kemmons,ekemmonshn@slate.com,1LyKVAKemTbSyRfUfsJzrpsCpyxWfdhVg
637,Vern,Stent,vstentho@shinystat.com,1MLsY4Tk3UXmWkqQsZqH9yMtvb9SwoZ9Wf
638,Tamera,Paule,tpaulehp@rakuten.co.jp,1NsG4Lo7HYSo3tMHAVe3UH4qHtTHDNoZUJ
639,Eddy,,etracyhq@thetimes.co.uk,19igifXpFiEho4HHPcs5kjLT8buWtX4z26
640,Gillian,Stollenwerck,gstollenwerckhr@topsy.com,1LsZ3rL7aBVs8zaWTRcdKgLMpTYGWJdpyk
641,Joellyn,Baford,jbafordhs@jiathis.com,1KRuchx2hCWfV4qDdzmpGFV3eaB3yKJyjy
642,Marrilee,Rudram,mrudramht@ifeng.com,1D6ieRSET6UhkFm5FcS9hfFVdaYaG87aqF
643,Beverley,Spadazzi,bspadazzihu@ihg.com,18awdDcuhaghu7bXWSGkuGWwsCNJhz9459
644,Kathryne,Klampk,kklampkhv@nature.com,1JcZSNEN229y5a3PaTeMfdgv163gr96a4U
645,Bartholemy,Strugnell,bstrugnellhw@bbb.org,17PKXhmDZXDaLNVihZuZmoKxg37hb2XFoj
646,Wilhelm,Hakey,whakeyhx@discovery.com,1BLuN3d4TULYXE93uECxUCouwpYXG4UHt8
647,Rosa,Payn,rpaynhy@comcast.net,14ZNJ4Hy7DvmnWfj7MZxHFd9Dyu6e1wpX9
648,Nicky,Ions,nionshz@sakura.ne.jp,1KCs8dDCkmkzcCgsENvtwh81AnWSQWGSdc
649,Kelci,Top,ktopi0@de.vu,1HaRTNbmmaZP47AxnaAciNBVNMAoUyEJ1R
650,Graehme,Doonican,gdoonicani1@ca.gov,1HVXMDrey3NwG4qEHu4pjWBm9DxNS7wMRe
651,Bar,Wieprecht,bwieprechti2@bloomberg.com,19XE471knMZUqqBSfKxKmEBZRCc2M8vUDs
652,Abrahan,Amyes,aamyesi3@cisco.com,1Ev8ohYBeminwaWSp1fzNFFvTqXfGQvp5h
653,Patten,Fenich,pfenichi4@theglobeandmail.com,1DPBqMhhWzUfPn3zKyyv5mer68dagtRyF1
654,Noel,Sorbey,nsorbeyi5@vinaora.com,1KfTWpJ7rzb4aJF1ZmiXRzHEBthNCFaGbt
655,Stevana,,sheintzschi6@google.fr,1JeiiAEBQchhneR2K8AHGsynVa3rjCVxZc
656,Romain,Whitemarsh,rwhitemarshi7@istockphoto.com,19xrq1YJn3UKMsJ21FcKJ3mS2NSGiZ4cja
,Jameson,Janusik,jjanusiki8@wp.com,1HXXjzxsS1iWmTTeNRoosKpZXibXj2S4yQ
658,Leyla,Hacker,lhackeri9@goodreads.com,15BgXzkmzjEuvRnmA3L2gTp6w7YwqiWfkv
659,Bernard,Drayton,bdraytonia@purevolume.com,1ES7HZKxoGEuhWD9Jp7H3Xx1PA99CFWvxP
660,Hagen,Matkovic,hmatkovicib@edublogs.org,1EZfhCKatDYSd5MedqmgACsLBvmGZypF9G
661,Archibald,Beaston,abeastonic@wikia.com,1NeZZywVtekyuEbzYxso3myZX1SKfgjTPq
,Fidelio,Gladbeck,fgladbeckid@blinklist.com,15dZpqrVxd1EMxAy7PhCeQPRyfP2wMGLoj
663,Cassy,Coleford,ccolefordie@yale.edu,19ApsCATWMT5dpmjrsnH4AMt9Pk9ZUXWpM
664,Karlotta,Sowthcote,ksowthcoteif@canalblog.com,12kt4Gvj6LPrpF2jEEojTXbpAN11gQQESK
665,Theressa,Jurczyk,tjurczykig@reference.com,1DeZTQwUeVAJifH5dfAiWkPKsfdCN2PCE5
666,Cris,Dillway,cdillwayih@cornell.edu,1PLrSFttyaPDAF7fx1tLS4REDfWaZ8z6vM
667,Alfonso,Helstrom,ahelstromii@answers.com,1Mh1G1m6hnC7vvNqTfbuZhgdn9EonmTVki
668,Sindee,Hymas,shymasij@topsy.com,1LepuezrgfhdNyFfftbcN4pHTRNAHiPL7v
669,,Djekic,mdjekicik@indiegogo.com,11EdJcfdsuti2QKHhB1cc1tKSDEoTatTc
670,Carlene,Lamplough,clamploughil@etsy.com,199oW4pMrEq9jN3HY3Gp5XQ7ypt2mCJGFE
671,Angie,Ivashev,aivashevim@alexa.com,1MZHRrwFyHvT2vGaXXJgzHCrD1znptrcHw
672,Giorgia,Gumbley,ggumbleyin@deliciousdays.com,1CtK4f2shznfiAzZnYPE58cXPQb8MWEnWW
673,,Kenworth,pkenworthio@google.es,184JcPeg3oYdhUsUPKY7Ws8o25FPKUxDjL
674,Aland,Geffcock,ageffcockip@godaddy.com,14351hVN8ggzb9qu7PBc3hyafhFPpyQTDc
675,Damon,Penkethman,dpenkethmaniq@japanpost.jp,1DVmdVX5v18f875HJLAtozn8A4PbFu3ZCz
676,Mehetabel,Pallant,mpallantir@mashable.com,1NWvbyCHDncBGp1NuE254sfFKzFJ5nuUjq
677,Cathrine,Bison,cbisonis@yale.edu,1B2JtsqPiuBjD9F6SYauSEno7jEsNwAHwA
678,Taffy,Mort,tmortit@biglobe.ne.jp,1BPDYRkasaDJSouKYkb7w6pJLy6j9vvJqs
679,Griff,Finkle,gfinkleiu@cam.ac.uk,1NNHEQCUgtxDkrbDfUXvdVJdwKqcvQvGvc
680,Kinny,Yearns,kyearnsiv@geocities.jp,1MPMUPeYhYpFQbrWp6PTYh1u2Vn6fPABh5
681,Mireille,Baddiley,mbaddileyiw@hugedomains.com,1A4GdU6U3VcWzP7QyqDaDNq3tpKMk3BtKZ
682,Jackie,,jdanilishinix@list-manage.com,18AbVooJk16aG7R44WF7ntvnXM1UDtLK1C
683,Megen,Minall,mminalliy@ow.ly,1L84y8SARHGmRsjYCfPkjEd7SZx16pTMvu
684,Janek,Kingsmill,jkingsmilliz@hubpages.com,15d15G7AkFfjsj4YGoD4HqAALx1qkhVh3D
685,Lianna,Stallion,lstallionj0@scientificamerican.com,1GPJDubVpFy7SdUSdscxQR1QqZyXG2GfQL
686,Florrie,,fwessonj1@homestead.com,1KgFo8GaTpukC4H62pvuBWBWJey9bz11xm
687,,Roskrug,droskrugj2@apache.org,1N1vNkLESBiEwqHT6fqTn32MkcuQc7AJSv
688,Amie,Knagges,aknaggesj3@hhs.gov,14cyAipxf91uTmvmMR8L1UjpuTNJDXzG4x
689,Colleen,Fossick,cfossickj4@parallels.com,1HmkZX7seUJ8hVoKJxZ4YrzttzmfLs7V2b
690,Cecilio,Zannini,czanninij5@phoca.cz,1LsCxJjACcGYq3VXvGXpRGEikSKXP8nWPj
691,Sebastien,Cutcliffe,scutcliffej6@umich.edu,1N1JEdt5WpBo4jkdoehqWr5GCTVA179ULD
692,Vlad,,vburnhamsj7@lulu.com,1DsF5XgovK2XYSNmbNqdEWdc5fYmkGDYLo
693,Ewan,Mullett,emullettj8@furl.net,18enMu4FrmFUSoDqdrbdjheYqYKTb4K2SA
694,Scotti,Hinrichs,shinrichsj9@moonfruit.com,18VqiZLnaC8A7nAi2AAUhWSLyx5RKuv1ps
695,Doralyn,Marcus,dmarcusja@squarespace.com,16mPyFFVyovyW19cJ2N3qGG79RDg8M5j7z
696,Shanna,Blint,sblintjb@discuz.net,1DjRCpY3fuuQtia3ibLahuqEXep6JX2Ak2
697,Leodora,Brehaut,lbrehautjc@xing.com,1GkcgzCexxiouLQrP9PoL1vUBjBG47JYQR
698,Wenona,Ferris,wferrisjd@timesonline.co.uk,1HMuhakUk7ncrtnSxgVhbYLvbvq9GiPt15
699,Klarika,Samuel,ksamuelje@reuters.com,16UNEWrNhX38rGDUEikVCuiLAvteaqxfRr
700,Shannah,Taffarello,staffarellojf@so-net.ne.jp,1LqyxJVEamfEsa2vjw2G5VbAouxziuW9FB
701,Meredith,Bolwell,mbolwelljg@plala.or.jp,13WeHEbm797UQCiuZEAUoNUisofECTmNdX
702,Rebbecca,Baudain,rbaudainjh@histats.com,1Jam5f4YaCMnKUhNPG3TyMBkokJMf964o6
703,Marleen,Cattach,mcattachji@printfriendly.com,1PRLYDG5DCBRowHWNZKcuR3NDa3ZYGJPin
704,Moise,Colebeck,mcolebeckjj@bluehost.com,1GMk93W4pfMK6tegiARz6GebG6s847JSNN
705,Derk,Kedwell,dkedwelljk@merriam-webster.com,1NQxYWQYgyTR9TKDxJTaknmzpMBZDe4WAW
706,Aaron,Geeraert,ageeraertjl@umn.edu,15bWxwZgLWtEvsiZDEFf6vSA58rz6EHwaX
707,Brooks,Blain,bblainjm@sogou.com,165FzLBBJzhcxGM4P3MRQkMDLhovaMQRPp
708,Sara-ann,Lardeur,slardeurjn@theguardian.com,1PTjjLkA8oGVtDHQWPk4RiPEVjPphUmD7L
709,Gill,Bagger,gbaggerjo@cdc.gov,1aSzrnFPUenNapbjNxSGiivBYjjbdUKqz
710,Holli,Jouhning,hjouhningjp@typepad.com,17VreV9vD4RGLH8kadxo4QHWroryNyuPhJ
711,Vivianna,Crees,vcreesjq@hhs.gov,19Hpcc8YsShT59GqwimZfauLX23QMYRiPm
712,Edithe,McGirr,emcgirrjr@ezinearticles.com,1JtoAcyzsfe1PRDByMpC8qvxhiq4C1NFr7
713,Caressa,Botterell,cbotterelljs@desdev.cn,1152tiLBymKjYpexwBghoQhhdDaRcdog5G
714,Darrelle,Spatoni,dspatonijt@yolasite.com,1F3mG24D7PeSktSSjwxQYbP8w7R2G2isJo
715,Sherwood,Chugg,schuggju@hibu.com,1G1X7wQpM1Qex4qBqnWrRyjBKdXdapxnEF
716,Cinderella,McKeon,cmckeonjv@telegraph.co.uk,1Ct7pYQ6sotasYGuCp3TwXVpKjMShrr5Ra
717,Remy,,rspadottojw@yellowpages.com,1FSu4ZCvGXqgdKQmpjHv6cpmK31YS974Hh
718,Wenonah,Buckles,wbucklesjx@storify.com,1DJw7TmukvAfZ9Q2xQ6VFz5n6wcL5vGq5
719,Karlik,Gimbrett,kgimbrettjy@ucoz.ru,1NG2i73TvUUYMW7pWRyzNSCsNDPCMTgTjj
720,,Hirtz,chirtzjz@mayoclinic.com,1Pk3LRVD8uospmnFKSpYJ6fizQ441g6L1C
721,Burch,Laurenson,blaurensonk0@dagondesign.com,1JzeGcaG6d8tzNMUxaz2Kw1i9TwzewrPmP
722,Madelin,Treweek,mtreweekk1@eepurl.com,1EHqWJvKHNRyqTmGNBkupNMFHRVTKux2XP
723,Jard,Moxson,jmoxsonk2@amazon.co.uk,16QkyXH6eAveXMV93dy8ko9X4hNE45uEmP
724,Hy,Banat,hbanatk3@comcast.net,14YCV86Vi6wHNhy7xKSn3KQXarZn86Aas7
725,Jakie,Kerridge,jkerridgek4@ycombinator.com,1LgdcidfZDWaqJPYky9954pYJKfzVDPexm
726,Haley,Rubanenko,hrubanenkok5@chron.com,1Q3LKFSbvP6qwP92bSY2nk5gwMVr5o5jnM
727,Ursulina,Betton,ubettonk6@ucoz.ru,1MjMmB1eq7K8idZ6LJWB7bMGevpDW45C3f
728,Wakefield,Grishechkin,wgrishechkink7@cdc.gov,1HWTRJg5TKuN7i8MrprYKqToyfAqDwWt1K
729,Kerry,Pollastro,kpollastrok8@opensource.org,18sYE2Vc3rE3LD6sR2idDtzYyF4HubKL59
730,,Rape,crapek9@adobe.com,14yyvyHozjXGhhG2WnqeLJTZSZRRyubAkD
731,Roselia,Yaneev,ryaneevka@columbia.edu,1CVXmNUw4vcXa872XzQkn6nvGRKV2i8q3y
732,Timofei,Piscopiello,tpiscopiellokb@microsoft.com,1DUyrFsdWx8bx5imVBYpt85zkR3zzagiCH
733,Berni,Sharrard,bsharrardkc@examiner.com,1AdXbtwRh93fjona6bi1Gj36tLLbmBnacS
734,Alvin,Domonkos,adomonkoskd@stumbleupon.com,15mD4d1jLjH2WqcXwGhLXgyQeH9DoHBbnM
735,Ofella,Cassell,ocassellke@kickstarter.com,1FDgqY2Gp4jBPUp5hDdbomd6xcqeNwxfor
736,Frances,Martinec,fmartineckf@bigcartel.com,13tZwzMd2GyFBn3qzQo6YU3D8zaR4LQBfo
737,Jillian,Khristyukhin,jkhristyukhinkg@noaa.gov,1McUtXFDSmiuSnGRSBYRpH733qZFJJzTrx
738,Cecile,Aitken,caitkenkh@usgs.gov,12crAXBWdD7rTQhMc5mbRz4C45Nq1A7oMc
739,Perla,Kenelin,pkenelinki@sogou.com,1G7ncPRLw9dSsMPdBmQRsGFA3sbn3NtZJw
740,Darn,Stephenson,dstephensonkj@sogou.com,18v4mXiJPk5UDiBjFeaeSkmwD5wm9avhm
741,Dario,Sullly,dsulllykk@discovery.com,1GvSv7PE7KfRAJ5JuhccgSusxdeeTpJNuQ
742,Griffy,Klauber,gklauberkl@reverbnation.com,18pcpjhj4XBGGFpbX5qrvcTmrgH3aSHYob
743,Travers,Deeley,tdeeleykm@jimdo.com,1By7WCjQuZGACLFaWRH2JTXNV624oTeuCQ
744,Kaja,Beaves,kbeaveskn@tripod.com,17CsLF3SZX5VRBoYuGMcaWSy9RdsFGRs5Z
745,Shelly,Niblo,snibloko@histats.com,1AEPZb2sjXVPNbCrvpd39yhu9obxAQnK6F
746,Caritta,Scallan,cscallankp@blog.com,13YHtosLsTUaNXmrmqSnCybPNpwV4uqQJK
747,Deni,Kirman,dkirmankq@photobucket.com,16jZwkgUgkyMrupzmzsqpk9D5R8bkkBnuw
748,Devin,Shevlane,dshevlanekr@multiply.com,19AVpt5r9VWYFA5puQbNbunjb6hVNeiBPy
749,Yorgo,,ymacartneyks@guardian.co.uk,13sJ6vdNQJ4Eeo9WDb5cTEUqdTFugkEmZ1
750,Parke,Beere,pbeerekt@twitpic.com,16HXn3c9Coee9oY6PmA1L4P5ydVfgr4oC8
,Glennie,Blei,gbleiku@networksolutions.com,13hdtBscdsqcGaPtMWMoNFdiPtNUpFLvrm
752,Glynda,Coathup,gcoathupkv@businesswire.com,1FWii58ikJzkn2JZQJc53cZnAVknxYkREj
753,Dale,Redihalgh,dredihalghkw@reuters.com,15NJqbELonYU8i9HNZsdHetfrtnoAQYuUP
754,Bay,,bleaveykx@unesco.org,136fim9DW9Px54ZFdXtb1UdVho6ihLWL8K
755,Jacqueline,Thoumas,jthoumasky@digg.com,1M8hUMbYFXq1H7wmgVZtgt8zZ57KrvMV54
756,Blanca,Linebarger,blinebargerkz@icq.com,12AXpciwZMiPLU3xhmr1kNgvTC3qpUDYRG
757,Isidore,de Guerre,ideguerrel0@bizjournals.com,1HdMFnS7xXbfQcsQ8kAkepW5xZyoKJLKSm
758,Malinde,MacCartair,mmaccartairl1@technorati.com,1FS6fTDGYZXjoHG1BsnXUDppWpDSTjcD5
759,Kimberley,Boatman,kboatmanl2@sun.com,1HAWfE6fkans6xc6q4tksWPbMbE8SKDAM5
760,Collie,Jann,cjannl3@ftc.gov,126SWUwdafn25KdDcbDYwhqt2KPeq7dPou
761,Gunar,Van't Hoff,gvanthoffl4@google.de,19qhPvvrSUBwe7CvG8jDKedUangL7ofju1
762,Yvonne,Waterfall,ywaterfalll5@google.it,1M5cKDX8DZgkNN1rvjZn21Wy2DhhZVahQa
763,Jaquenetta,Mohamed,jmohamedl6@sfgate.com,184N1mHRehgvQ9VvGp8HPWpQngLTrADcrD
764,Joane,Dunphie,jdunphiel7@aol.com,1BxBq2XxVNZpwCEeq4dLtrquqfdxcjnwrM
765,Allx,,aetheringtonl8@bigcartel.com,1DF5M12Bys1shFx2JtUmcXjPuZZtgciKUr
766,Bellina,,bcamseyl9@prlog.org,17ocrC4SvNwMroPc3k5xAbJQYMwkjjpFNr
767,Lauri,Lipman,llipmanla@sun.com,1EW3VQ76nwstcthEDrZCAQ5X5RDYhvEDak
768,Haze,Lortz,hlortzlb@baidu.com,16XMX5vPwV3QVXpHCxTMZZR3kRmBeBdYom
769,Onofredo,De Benedictis,odebenedictislc@wikispaces.com,19gKKC3Yv69nsVvcsZhMC6HpwnyypFmtnM
770,Tucker,Conneely,tconneelyld@opensource.org,1GALXqCAmW2kv8zknpZDBUnEgE2sHJa13K
771,Patrizius,Verrills,pverrillsle@technorati.com,19hgocpDy6MJnzCQ4FVtHUKM84ZbBrp8Dv
,Kirsten,Franiak,kfraniaklf@weebly.com,1Q1beX9iBwSNiozSZhJxMPk5bu8ScGuCWR
773,Dasya,Crebbin,dcrebbinlg@technorati.com,1MFmgDPSur91gArhb71GnZ4RamkASiPFep
774,Prent,Hamel,phamellh@gnu.org,141aLjC16CKqPsvJfCW1ym2gzCydm7Nkkj
775,Christiane,Navarro,cnavarroli@acquirethisname.com,13hYy9KERrZBex9SLyRMDvmcby1r4sK5mR
776,Bradney,Lancastle,blancastlelj@tinypic.com,15qe2p1WPgQ3tgdtRncQzWrni4ZuGnTAsp
777,Jennifer,Wabersich,jwabersichlk@devhub.com,1JDxRfhc397KnRHorZBgUpyYzWm6u2oVq2
778,Sonny,Verlander,sverlanderll@epa.gov,12EKssF73MNFVb9W2cGLFTjjFmPHoHo93w
779,Baron,Thornbarrow,bthornbarrowlm@economist.com,1PUzyqwCC56Bs1EXNDuh6kWBFRFPvvHk2c
780,Gay,Notti,gnottiln@tinypic.com,154NoepXwQ4HSHz8NPF5BhGwq7qypExmuG
781,Catina,Silversmidt,csilversmidtlo@yolasite.com,16KSTzmpMnh9gGv8ikhTHTWoAELTLBrWo6
782,Aharon,Morrallee,amorralleelp@facebook.com,1ETf8cbjoJdz863ZF6ohQhtukWVD3YsbHx
783,Rene,Polkinhorn,rpolkinhornlq@issuu.com,1CjcpqF5KNMH44VgZqHyNizm93WRsPd4D4
784,Matthieu,Anscott,manscottlr@nature.com,1MefSHAddtSpZvoaaxDSyfFCcw7bQGSmqW
785,Leodora,Hazelgreave,lhazelgreavels@quantcast.com,126U2af69UdoQk4GmuMwwTy9V96DejnRtn
786,Hodge,Sandels,hsandelslt@wikimedia.org,1JrgS5jfvF3CJjPUZjkRQ3ju2Kvu1z4oFB
787,Theo,McElhinney,tmcelhinneylu@statcounter.com,1DweaJeK63bqrVu45EdWwG4ji7QBU72ing
788,,Bunting,tbuntinglv@shop-pro.jp,1GAFbHadsAWPJiC7BtYdJDTJC4ePdDJSjs
789,Arv,Castelluzzi,acastelluzzilw@cyberchimps.com,18mFyZKyfkAjJALf8YmwAdBeYH9B4PpXMf
790,Lori,Molineux,lmolineuxlx@dagondesign.com,1PjSAbZiSbZkVk69VJRVhk3A5htVtdv7Jp
791,Whitman,Cheves,wchevesly@cbsnews.com,1CmTSb1M3Q6umhDV7KzB3A9v8ACXcGq7fL
792,Theo,Prewett,tprewettlz@cbslocal.com,1DxJCcmro1xi1jRaPVHziUNTPGTfBcKdTG
793,Cyrille,Nesterov,cnesterovm0@google.ca,1DqxV7BqwWha66owRvypFxELs6CSXGb8Sa
794,Collin,Ferby,cferbym1@hibu.com,1ETgtaL6ThwqfhkFCiCUQLSCEHrKXSvZje
795,Bernelle,Guilfoyle,bguilfoylem2@mail.ru,1NoktZYo3n3iKufvfDJdkLN7NdRtSLedZe
796,Osborne,Skerme,oskermem3@examiner.com,13APUXJryZFKi2kodjvSChZwdVgKRdBsqy
797,Kissiah,McBayne,kmcbaynem4@about.com,15fncBzRqZ5CgcP4Wh2vEMeYhbakJUxCwk
798,Jaynell,Gabites,jgabitesm5@geocities.jp,1JkX6ut8sG4Czs2Sm4dYrx9bMKc7Qw7111
799,Jenny,Dunn,jdunnm6@a8.net,1GihaXxhFrbbRxJCB9rcBc95rmK3D4dncH
800,Chad,,cveschambesm7@nsw.gov.au,18SuqR4B2dQwoP3zqGvg9pd3MZkCumUqw3
801,Ursa,,utotterdillm8@chronoengine.com,1GAZvrnjWwvskj9iUBTojps4rrjJTn2HxG
802,Tobiah,Drakeford,tdrakefordm9@ox.ac.uk,1FxERggtUX4j9dG7H79Bcq2jA2pXFyzC18
803,Pandora,Attrill,pattrillma@mtv.com,1JaZ2moo2Wc4ApGA3i3SSq4x3SQqHYMHUy
804,Chryste,Collison,ccollisonmb@census.gov,1C1sb8LUAPqEkqa8B3rC7WuwCvkC6hwhfe
805,Bab,Inkin,binkinmc@boston.com,1PzqRADFPk8LoQLHx2JXfnr3Bmu7aojvm2
806,Rickie,de Verson,rdeversonmd@biblegateway.com,1DSuFUJ52c6BjQXdEtXFcsy15UPQYH1CFu
807,Raymund,Hasselby,rhasselbyme@domainmarket.com,1B7CjTiWVJ63sEKcgpDUPCUH6WQjX4EnpN
808,Ermin,Pencot,epencotmf@wordpress.com,186EGHJVnKBm1XwqJikCArcRvxkKjFVrC2
,Elsworth,,eruttgersmg@skyrock.com,1CDBKXnyUKZHpsdykXk2fUdtwHD4Z5szK7
810,Waite,,wbarnewellmh@epa.gov,1NvBAzcmqXKbXS4K35eQAi1KwLS39tDoaL
811,Nicolai,Ramberg,nrambergmi@seattletimes.com,1L3ThMcN8WXdJ6Ueu3qA6uJk4VAGXQ7DkQ
812,Eadie,Corneliussen,ecorneliussenmj@yale.edu,1MnbTJkLpk4BuvwaGX5vs91vbXbvqB8psG
813,Payton,Lyptratt,plyptrattmk@flickr.com,19xE4zCteu4g2mFbEYStjq4WS2FYWX82Y9
814,Christina,Roskilly,croskillyml@drupal.org,1N88ak2Y6Q2TxUvWe11bAHyUE842Exy4QR
815,Maxy,MacTurlough,mmacturloughmm@ibm.com,1PWH2YoXnnmFWL4n5WtqXZQgT9txAkG3KN
816,Rupert,,rcasfordmn@wiley.com,1Hjn41zi6zMR3bXjtdpHqm9VQbpK6VakLB
817,Nanete,,nmathivetmo@timesonline.co.uk,1QPVHNJ6SnNtM854d9kjgAJvGjJcRfMox
818,Skylar,,sbexonmp@goo.gl,1NUo1kWP9GfqBb2dN7TmhPLVL2fEUnMhrM
819,Lacee,Rizzini,lrizzinimq@vinaora.com,1ExWwp8KqZaftTS21dpwJN4JQdansEWuar
820,Henrietta,Borwick,hborwickmr@rakuten.co.jp,1BpRS4E6qfFE1qqRvpwWRT7cHx2snMYKZj
821,Bryn,Felkin,bfelkinms@github.io,16MBDYCNhP36wE7PBDk33SB8eK3KaEb7YD
822,Marget,Dionisetti,mdionisettimt@netvibes.com,1CkkYxf37Q2boEDenCuuHtG8xDEX8J53e8
823,Brockie,,bcouvertmu@opensource.org,13WezBuvavaRAYSU5tUy1MApVCG4HJhKKN
824,Caspar,Chasemore,cchasemoremv@clickbank.net,1F6AMk1DwVcV934qRy8m3nZKM4G2NpzTcx
825,Nerti,,ntareemw@hatena.ne.jp,1MvhiXHG4iuzEMYnX9WnhP713yUvxUuQrr
826,Nell,Ladewig,nladewigmx@utexas.edu,1AcCWZd8vaNe1bUUKzJYMshHz5Uo2mYK7j
827,Basilius,Puve,bpuvemy@ucsd.edu,1ByyMq3UvBHpng9jx7R7KwC29rRLH6osd6
828,,Raccio,pracciomz@si.edu,19hcQrHzppchdZJVxxWpxmiS19jZfLpPUZ
829,Maryellen,Verbeek,mverbeekn0@arstechnica.com,18k3rSR1zq8XAfvK7to8Ev9mZU4WUT29YS
830,Barron,Pannett,bpannettn1@nyu.edu,1BUdTMGdmbQSyKv6fwfHph6BHVoHgyf8gt
831,Katherina,Vesco,kvescon2@photobucket.com,1Nkb48tLGZAjnT5kAQWuiP2b5CTenyNa1C
832,Marianne,Iacovino,miacovinon3@narod.ru,1NDhyftLCRxJ7U2f4yy2uuaSwpbL9vB4Up
833,Pamela,Parris,pparrisn4@hibu.com,13c6WAy1b7YacEgVAF7i2yLd24Xr6sbwJZ
834,Vince,Mathouse,vmathousen5@uol.com.br,18CnBWZKyP2Fp1CHxt2EnsF1GyMWPBnvXf
835,Domenico,Alcide,dalciden6@about.com,1EgC7CM4tLS5m1bfnVBFUV6jqRHCZw3Pbq
836,Skip,Mintoff,smintoffn7@google.com.au,1AqphkbgL9BDk9RvDqykomTvdo4hJ1NgUF
837,Khalil,Lerven,klervenn8@moonfruit.com,112fncoizRDUyizNaBiGuTh4aQL3HdshLG
838,Broderic,McKenzie,bmckenzien9@nsw.gov.au,17xpRRgDZz9mcRW65P5C1nk68m4Y7diEvL
839,Towney,Gladhill,tgladhillna@indiatimes.com,1Ft9YQhsWh8LshX4pKBRYdJgBhBbBfGUCV
840,Bentlee,Kift,bkiftnb@oakley.com,1DuXgR7pLCG4RwmQvxq4qUQcWQQoDdVfaA
841,Lutero,Daouze,ldaouzenc@harvard.edu,16dBR36UKWe2ATig3VLWoBhPYPtFzc7cx4
842,Noland,Feavearyear,nfeavearyearnd@printfriendly.com,16XrBizcfsdYnHw25ToY4UHArhmTh3amED
843,Lurline,Demangeon,ldemangeonne@buzzfeed.com,15q3iEQVFMyF2rcJBhMGTzuruiWR1e4iVt
,Philippine,Harbert,pharbertnf@mysql.com,1DZdfvbNyJNY3o1yZTUvdbQ1WnQ21MJ1Hp
845,Lucias,Perks,lperksng@home.pl,1Kj7hVtgvivxdXLATLtYYZXWbvytR7Batw
846,Mac,Klausewitz,mklausewitznh@nhs.uk,15YytUNfv6coYsTi6J1eLxaD7BiRbKfuyK
847,Stephanus,Timny,stimnyni@xing.com,1JdTJvjqThEYvErAuxA5YxVUSsAn98gRW
848,Leighton,Attfield,lattfieldnj@theatlantic.com,17LdfTzvjc9ocsZHyo6Mb7CLJryaoNTFxZ
849,Danita,,dbagnalnk@photobucket.com,1LmnX3C83Zx1kHf5ixQautL5PQ2FtqjF8w
850,Mindy,,mpetrolnl@weibo.com,1Bb6iUyDHyraPA6rErZPPmrwsqso1orKTx
851,Felix,Cassin,fcassinnm@techcrunch.com,1LTRhqcBiLyZCA7LeUKYgwKBSPoQK8Xm4G
852,Gene,Jirousek,gjirouseknn@webmd.com,1CWVEeFnKspbLCRGoSin1ZUFuARVSkRktm
853,Faythe,Alcoran,falcoranno@admin.ch,1KNS61bD5p1MbytZxVztgherK4B9earV6V
854,Bentley,Fee,bfeenp@ox.ac.uk,19iu5fuUqyiC1Mhqo4KAYYG3E2Af2Sft5L
855,Merry,Pagon,mpagonnq@acquirethisname.com,1TuuNnLaMdzRfQNLcCafrTJ5ZLyKUVU7a
856,Elli,Duplock,eduplocknr@illinois.edu,1Bry7NvJyUfX2dFmECwVMujDSV7TgUK5Vo
857,Bartholemy,Ramshaw,bramshawns@discovery.com,1Mx2ezpuvaYQwxRCjymjxCBpE7xvcBGEZG
858,Reina,Rodgier,rrodgiernt@miibeian.gov.cn,1AnPPeBQsytzVTmWU22rTzK5ERJo5dUP3y
859,Maire,,mlettsnu@nymag.com,1MxUTcx6Eeya9gGq2PB9DodMCaV5iKP3Zh
860,Marsha,Moine,mmoinenv@prlog.org,1GTJrnrUwuJXMhZpGagtenNmhjKCz1WYD7
861,Allix,Jachimiak,ajachimiaknw@dagondesign.com,1EX5pwyfPtLwKTUgQ3hwM4c6KgVTPMp5zq
862,,Brierley,gbrierleynx@arstechnica.com,1PnqdQSe2tEtvoxRCixuZ5JJvmcG7EbEWh
863,Gaspard,De Domenici,gdedomeniciny@e-recht24.de,17uf2oM2UtnBX7ypwy85UZm7NmMp53WUoJ
864,Sadye,Trusse,strussenz@ucsd.edu,16ue8xxnD4diYubwckHgr2AKhw2o7h4vqn
865,Nike,Marieton,nmarietono0@guardian.co.uk,12Xj7VQbdWY7y4XuECDLLSn739caPg5NMZ
866,Kevan,Sturges,ksturgeso1@kickstarter.com,1Hgir5oGCqcP7umaq2ouMvLi3atYgjTKgt
867,Kate,Dunkerley,kdunkerleyo2@amazonaws.com,1Cy6kzkG6YZaaAonyaCZfHXErtToDXuZn6
868,Truman,Zambon,tzambono3@unblog.fr,1DvbUmapq1aruocnnme1XAFfFZW7arQNAs
869,Cynthy,Sansun,csansuno4@nba.com,1B8TeLZZPDdQkMbeQXMNJpGev2ghoV7PZ5
870,Calypso,Loseby,closebyo5@lulu.com,16KFbWyM3PHWKQXDrhTUHHjx4FkvrJQhLh
871,Kara,Officer,kofficero6@skyrock.com,1E46nGNbbWUXfDcn5NDxQx32M8RmqWNXuD
872,Gabbi,Laughlan,glaughlano7@phoca.cz,1qnSHv747agLz3ZY9ner3vb8cc2DwvFbq
873,Alasdair,Guilfoyle,aguilfoyleo8@e-recht24.de,1GWXovyE6bPZf4WZTb9bBuvUQDYxasGEfu
874,Timmy,Bust,tbusto9@webeden.co.uk,1NX2oAk7Wy912xbANuUKZKPLL2wwLgvzQb
875,Tawnya,Bracegirdle,tbracegirdleoa@spiegel.de,13waSZJkgTESC7bX1CxGv6YYKozM9Z1FUo
876,Hercules,Tallyn,htallynob@a8.net,13ny7k1s6n852AdJgsL3n3QsNXqtXC29v4
877,Gena,Chopin,gchopinoc@trellian.com,14CbcMGafGUCa4FrfHuZSCctuWSSd9V6zk
,Gerry,Mitchenson,gmitchensonod@weibo.com,1GMF9Kpt21oxr5SiENPAnFfTzw4Q1fTbHk
879,Prentice,Ahlin,pahlinoe@auda.org.au,127enLLMnoZw9AdZBqQpSZNCdk7HFPxFCi
880,Karil,Johnsee,kjohnseeof@amazonaws.com,1EaCYBcPKuJfXecShWtVV2omnBCKZGaZyd
881,Thornie,Billo,tbilloog@eepurl.com,1HmDB7WTdZge2MFfBemfcaM8MsxEWDgXXo
882,Kalina,Gutierrez,kgutierrezoh@deviantart.com,1L4cUwrvzERWn9oZAyqm9tBx3Ajb3uhzee
883,Ag,Ramel,arameloi@wordpress.org,1JKVFU3A3wHk3cEgfSmwumvunVNa4huTPZ
884,Allister,Absalom,aabsalomoj@mozilla.com,1PiCnsVxZ1BntVTwXo9HgdqyHFy61PqAWC
885,Betsey,Isac,bisacok@fda.gov,1LccyfUq8vrPyB5B5GQmTwFB3yWDEFPSpn
886,Debee,Shelborne,dshelborneol@wikipedia.org,1HzBbwYGezVz51CBERgqYMcoX79T5PqXZm
887,Manya,,mfermerom@java.com,13xFzGqVPq3Ms9yi1v4aaow1TZkp3QAbxV
888,Esteban,,epachtaon@infoseek.co.jp,19t6bcHNbbfZRk7bSFi5CqUErENFLkiCau
889,Georgy,,gingryoo@weibo.com,177Y3vzPjKbcpaKNhHYjMxfaTWZo2D6r51
890,Grissel,Winson,gwinsonop@drupal.org,1JaM36vL7uf49bcJXm9tg3nkY4nWpMiwFi
891,Geordie,Laverenz,glaverenzoq@walmart.com,1GV7Cgcbc58UkbhPikeK7VnSw6PA9u9Syg
892,Bradly,Loft,bloftor@umn.edu,1AeLoTWPuDki4FKmE6uDpfsj8DwUMTBJrE
893,Tuck,Jowitt,tjowittos@is.gd,1LkMvj7uwcg18nA8mS7EamrLFkJzG2YnrK
894,Vaughan,Darco,vdarcoot@ftc.gov,1D3mPquTU7yak9YZusCxEqqiAxAjcerPzH
,,Vasyutkin,ivasyutkinou@biglobe.ne.jp,1Jr9LpvNVGXX6sP6fRJiAcYMd7DwkzZVsz
896,Thatch,Wittman,twittmanov@jiathis.com,17saXLJzQn6Yu9SiKaxHidgdMxrseDzsGy
897,Pincus,Gorse,pgorseow@wiley.com,1LeTDMA68aqeVbwZ1f7rG1imVnXGEv8gke
898,Mohandis,Holehouse,mholehouseox@scribd.com,18hYzBeeoyst8TBPht4mNrZNneudapvTQN
899,Shoshana,Outibridge,soutibridgeoy@twitpic.com,1TqqhgqpkQAXuUnqMD3VNaEFCmFB9zfpb
900,Cori,Truder,ctruderoz@usatoday.com,1cnFxZWuDz73nv6pJ4q314qF3VybJmARW
901,Grannie,Dearden,gdeardenp0@guardian.co.uk,1FX4qzXdVVmExn5yZokTyfyioscGCxX61t
902,Stavros,Rudloff,srudloffp1@lycos.com,1FrDZkDoQhm4nYfCnytbEpt1qpJM3zTUfV
903,Jaclin,Kerss,jkerssp2@toplist.cz,17ARxwVWnjFVPeavwK3xmEnzazhawo7W95
904,Vannie,Plumm,vplummp3@typepad.com,1jxY1yzg6qmqosrXa68A4WbPZ9HNBJkd2
905,Oona,Weeds,oweedsp4@bigcartel.com,1NEGCRLff4pXyH5YzEoRoGe842eE465UDb
906,Quintilla,Portwain,qportwainp5@so-net.ne.jp,18eaWU5nBAeND2G4gGubJaxjJnhM1dS6pR
907,Padget,McKmurrie,pmckmurriep6@narod.ru,16sK4pFFZw5ABS4vi4vysuTKFRbFXoYVSn
908,Lincoln,Hargitt,lhargittp7@toplist.cz,1BT6rxJV1MpnKWR6uMLurGPpZKVAz8jjTC
,Coreen,Dorian,cdorianp8@bigcartel.com,1BzcwE6aYqsFcE4oXz4jmNm8fxKVysHzKC
910,Dori,Dell Casa,ddellcasap9@forbes.com,12k8GEGUe1wtAhMwCwL6PW8MfuGf3wqJ4o
911,Inga,Seckington,iseckingtonpa@cpanel.net,1CLUvSLuvTxkufvdHCVm69afjpn4pLK6JB
912,,Beecraft,mbeecraftpb@chron.com,1NXU5SF5R95aT8t4nLh6SGSXLFR9yNXH97
913,Somerset,Ellerbeck,sellerbeckpc@networksolutions.com,17DzAwMePxnHTyk8dBHgDv6jwitNDWXRRG
914,Christiane,Cromarty,ccromartypd@amazonaws.com,12TyheyFd7zJMRf5YLaAeSdyw4EnyZKg4S
915,Anabelle,Reiling,areilingpe@usda.gov,181hApwy2EPR9wXJxJtaCYKxrY9aLdFMTc
916,Alexandre,Fawltey,afawlteypf@ebay.com,1CNCzqS3k2aCTqTXNFCv9vvmAoRz8aAgaD
917,Cissy,Kull,ckullpg@amazonaws.com,18Tutdsr8k63S6Fi2EgYXbMnY34keQqtuw
918,Iorgos,Coulthard,icoulthardph@godaddy.com,1BEg1RLNae13MGs5ffqkycowirQtpRSNkr
919,Zorine,Looks,zlookspi@disqus.com,145DDpVKFkQpBHRxdSfbxKoje5K8j3JaHe
920,Janaya,Starkie,jstarkiepj@angelfire.com,1uUJoDvPZ3TiH62mjXgGBv4wyq67e66Ki
921,Gaye,Scamal,gscamalpk@histats.com,1PiKHaXscqWsni9GNyZ9g63LMHMjtBUWMP
922,Dorolice,Domico,ddomicopl@tripadvisor.com,1JHrBMqyVrjh9598axApASpdDqncBVaj1x
923,Darnall,Lacroix,dlacroixpm@themeforest.net,1M2yBU2jNHWvrYk5gMNE9c5yA2mdqunAR2
924,Alfreda,Greenhead,agreenheadpn@ted.com,17dk8HLUHrnMT6ZQiA5SE6QsjJqN4fvgoP
925,Verla,,vstavespo@answers.com,18YB3B7dhWvRhi8fJTVZR4YyjfxBrXTZQT
926,Nappie,Burrill,nburrillpp@myspace.com,181uYen9EanXC8nLrV5BRYfDjAHbTxF6z3
927,Kelby,Whitefoot,kwhitefootpq@yahoo.com,1HnCDT3q3yGd7bXrLAACL4NuoLF4NFiqT2
928,Fleur,,fdelaperrellepr@uiuc.edu,13Kh6EqVwUk8kgdpkRUpba1z8fdEtqaoMk
929,Gerhardine,Auden,gaudenps@japanpost.jp,1GfJkja42TSsvSLrQ1BXXQKCkyZmAaXK2f
930,Cybil,Brownfield,cbrownfieldpt@cloudflare.com,16EpfjqdFziDDLbbi6PUxjU636HgAXa3Kt
931,Cortney,Titt,ctittpu@upenn.edu,1DMAYdBar8iXxbfAgd5DBjoLRcwXJkzjTa
932,Elaina,McDermid,emcdermidpv@chron.com,1Af7DKUkzbcHeByXqUP5oL8G3rNRyhfwR4
933,Torin,Brehault,tbrehaultpw@hibu.com,1JTZMFGF36bkAe3K66yZgjbHtPa7EXGEWP
934,Magdalen,Draco,mdracopx@salon.com,19sn8HSM8p2DZdXTFw1XbhY9auCRCNsDYr
935,Isidro,Hedau,ihedaupy@bandcamp.com,12VWkReWHUyZ2JYUv3BQkhfmnypkH378RK
936,,Witsey,owitseypz@simplemachines.org,1DCb6BnkFDtukWNzFhdWnzj1NsuwuPK4MW
937,Sargent,Holyard,sholyardq0@last.fm,1NHWCVKN22vQMutZhZaBVv76TDro22CErA
938,Elwyn,Nottingam,enottingamq1@mayoclinic.com,12YxNn6JPf9UJR8CCSs3QAZgjgzTjCMWrE
939,Sydney,Swainston,sswainstonq2@archive.org,1E6gSmHrZaBbeFTPaRrn23FBWtyUnYGC8N
940,Denna,Leather,dleatherq3@sbwire.com,1C4dHNNsKYHCH96S8hsMFHDwa2gn4E1FWE
941,Teddie,Kenington,tkeningtonq4@webmd.com,14mSFWCYie5AheY1kvJjXnK8m6AbRXExgm
942,Jaymie,Gibbs,jgibbsq5@unblog.fr,15qHp8ZYBnev48uT9fxR7m8Y6XBqZTDFJv
943,Brigid,Hay,bhayq6@aboutads.info,1CApzbbt2W2tRU83JY6yr1DgruQTnG9xDw
944,Dee dee,Rich,drichq7@sphinn.com,1HKsKTCSRZ7VJ7MYZjZrQ4nxcDMhcwynDq
945,Ronny,Cresar,rcresarq8@discovery.com,1GxjaHXmGTiXqTG7ocwYRPoYks4kMh98Cw
946,Garland,Smitherham,gsmitherhamq9@usa.gov,14HknTob6184vqnVtrhbQWyGEzRrdHETTv
947,Katharyn,Addlestone,kaddlestoneqa@domainmarket.com,1JGFBvuovaXzNHhm69FZwV1k8BfDuS9ght
,Tim,Crowhurst,tcrowhurstqb@vistaprint.com,1NbBQoPVBZj7Z4vip1ftB4xyLMyrdiE6TE
949,Curry,,cmatisseqc@goo.gl,1BbTwit8BvahN1Y8dYAih1YJ4tujbhLcxw
950,Aggie,Kadd,akaddqd@comcast.net,17sxsXTGAX4jkZKCrbA81TsAKxjfUBXZRo
951,Sada,Hazeup,shazeupqe@google.cn,1DqrsvBw6d75MrY1i645pG9BJovxNB6mnL
952,Elset,Bisset,ebissetqf@issuu.com,1B4LZbw7FK4dxRFgzPyToGcU6LVnQxJsj6
953,Kelly,Gornar,kgornarqg@purevolume.com,12PeAFjjfyrS2UVVKMeCGgdo6qzoJUBDUY
954,Gabriell,Stritton,gstrittonqh@nhs.uk,1BjnuDsiaJognutqSdxsvN82mJBsEkPNfA
955,Denice,,daucockqi@cnbc.com,15bkXVsqUh8QMAXVDgpqMr1UUep4FW52nf
956,Zitella,Reedie,zreedieqj@addthis.com,1HazPTXBTySdNspQDBi1f1NY6uMZZsAyFy
957,Celene,Pennetti,cpennettiqk@wiley.com,18GtsNrYhYYmcG68Xgu124vXwHgyaGzW13
958,Edith,Itskovitz,eitskovitzql@woothemes.com,15wcX1bPuXhb7B1G9bRjGfs8yXMtPSzAYT
959,Mathew,Benck,mbenckqm@psu.edu,1J9QkUKt9uA6ACf3GbwccaZ4vpruo21qvb
960,Rudie,,rbeadonqn@abc.net.au,1JjcjYfqKFPh6FxEUSEcEmKmyVqujmWW8r
961,Blondy,McGillicuddy,bmcgillicuddyqo@myspace.com,1EbBs36EBfLe78sEQz3Xj78wit38bF58Ub
962,Jimmie,Tuppeny,jtuppenyqp@blogtalkradio.com,1AWmhxxgKxGjXNnZfNCrPaHgs3reeLx5Eu
963,Tobiah,Hearnden,thearndenqq@rediff.com,1DRougSM2MfN76x7mJugP42ZDTCY9uxbog
964,Wyatan,Puzey,wpuzeyqr@sourceforge.net,1D7EzxjyEpB5HhVPj8MVWugAPYKkxWha5v
965,Aliza,Weadick,aweadickqs@google.fr,16dhVBU5Zy1zcnTFuUsHZ3efHTAbJGLCu3
966,Gib,Wren,gwrenqt@devhub.com,1NBKRo3ExdDowJkiyYz9xmEbMdHTCkrfcF
967,Rodolfo,Magner,rmagnerqu@twitter.com,1PzgekStY6NV3iT2Dq4a7iPDMfKuv5k8a8
968,Blane,Franchi,bfranchiqv@gov.uk,1LL1frddB4wKy4nz17cfw13jomarU8PoDC
969,Eben,Arr,earrqw@nytimes.com,1L45RZJJzePWRmPd7GfTo4fKmyuWjvejVE
970,Lynde,Domegan,ldomeganqx@lulu.com,1GAVAC7fT1fr1aSGHkea8QAWK6rt8QFwM
971,Leupold,Rothery,lrotheryqy@hhs.gov,1PnvDzwfEqtPuqV5g1ejC7KdPMkQHjUBKD
972,Harley,Albiston,halbistonqz@wordpress.org,1PCTndM7Bn3Q37vF43qcakmsFZnWprQ9UQ
973,Huey,Geerling,hgeerlingr0@foxnews.com,1Ha4S9zoYQymQC7sVbH1kTq7zSzciovoyr
974,Karilynn,Budding,kbuddingr1@fema.gov,18LvM8zbs8Ue7TY4TCCtUveKNK3tckmChe
975,Tabbi,Aggott,taggottr2@fastcompany.com,1LTCS51B55QLG6fyaHGVVi4ZbbwWMmSPuM
976,,Tenbrug,mtenbrugr3@si.edu,1MSdNzQJyKsbcbPWccTtf23T5EbfSjD8Sh
977,Karel,Rew,krewr4@networksolutions.com,1vFwNPVavWtc8DrCGGGneqXQSwpRLNEwH
978,Sayres,Dudeney,sdudeneyr5@goodreads.com,1K37AjScAgifgBCNTDDtEnPTBmvTje3C9h
979,Adams,MacGaughy,amacgaughyr6@walmart.com,12VnHJiktsBFW8vCZK9pLMV5Q2xUCxQQ9v
980,Ulrick,Le Provost,uleprovostr7@amazon.com,1KV97z5YjSqyHiWR4ghF8zqQtFEDQpqi2U
981,Jeff,Wanley,jwanleyr8@blinklist.com,1NcCDpiifqrKBGfqXAJveuusxvLHm4vavA
982,,Kingett,okingettr9@smugmug.com,1Q5AgVXTniU12Pbt2Vh5fowwjxGUNgcmTT
983,Inger,Creasey,icreaseyra@guardian.co.uk,18oY3KyhdrxLqbaGdksDtoYFRBiF6pG9zr
984,Fawne,Ellsbury,fellsburyrb@addtoany.com,13bGX1eDs14pgjpSDbW8jWJRbVz8XbgvRf
985,Quent,Renforth,qrenforthrc@drupal.org,1K9xNS9ibwSbBXhh2RYAEeeFynbzxwaz67
986,Constantin,Tomaskov,ctomaskovrd@msu.edu,1MuCdPvx7dh3h41rKSUPCJ6YGUq5P8P3jG
987,Leoine,Tizzard,ltizzardre@parallels.com,1AKfxZhoVjvsXsE79ZxcpjPHeroxyypn61
988,Oliver,,odinesenrf@nifty.com,172MJ293oJPe7pgeXuku21VZfb6TbneQLR
989,Lauree,Holyard,lholyardrg@archive.org,1NyDACFXZ14VKq3USbgGWuijsVjcGnYide
990,Antonino,Aymes,aaymesrh@reverbnation.com,1BYh83FCGTqXn4yfkYFv3b1FfxfPoAne65
991,Emalee,Stathor,estathorri@time.com,1LXK6qsiLd7raDRnk7cfc8SMfGoz8MHiiM
992,Kimmy,Hebblewhite,khebblewhiterj@t-online.de,19BPRen9jTg2YYD2AT6ggNCnEujt22nNkv
993,Mordecai,,maronrk@seesaa.net,15ftSmp1KPkUM32WsoV5iu6J2PCHTfHvME
994,Felisha,Cramer,fcramerrl@elegantthemes.com,1GtQ4bubUvJcJZcv8ACbcXBowfqoFQJxvV
995,Dolores,Bencher,dbencherrm@bloglines.com,1K2HvQNDtTFuA25pCyCbdjHtXmmfc9kZmH
996,Sheba,Aynscombe,saynscombern@parallels.com,15NFXKAVoYXBqP2pWMyCdHHjZNCHb2Scv3
997,Fair,Cotterel,fcotterelro@google.de,1LJTdT5ZgKrHpTZ5JJR55xrMaiWAu2P5n6
998,Iona,Hissie,ihissierp@tinyurl.com,13VtaSN8JaCMaGYobwRtZaS488VEWkvkzo
999,Dew,Mingay,dmingayrq@ameblo.jp,15B8BibubRrxSeUzrMbu74JzJ69SnGT7do
1000,,Macias,smaciasrr@e-recht24.de,1JRHLCWg8sEa7LQqkC3wPiHpUjVZUcMHAG
